episode,seed,success,endReason,steps,transitionStep,stepsToLift,holdSteps,holdNeeded,pulses,maxPulseN,contacts,distinctFingers,thumb,palm,forearm,mass,perturbScale,mu,maxPenMm,gripTorqueMean,retShaping,retPhase,retHold,retBonus,retDrop,lenMean,lenIndex,lenMiddle,lenRing,lenPinky,lenThumb,kFingerMean,zetaMean,inertiaScaleMean,activeGroups,mask,handSpanRatio,dtMs,pulseStep1,pulseStep2,pulseStep3,lastPulseStep,pulseActiveAtDrop,head_mode,maxStepTimeout,academyStepAtBegin,phaseAtBegin,warmupSteps,objIndex,objSplit,objA1mm,objA2mm,objA3mm,objE1,objE2,objVolCm3,objSpawnTiltDeg
1,8301,0,maxStep,5000,-1,-1,0,500,0,0.00,5,3,1,1,0,0.226,1.00,1.00,3.84,0.658,0.7887,0.00,0.000,0.00,0.00,1.010,0.945,0.898,1.082,0.955,1.170,1.433,0.587,1.330,12,01111111111101,0.978,10.0,-1,-1,-1,-1,0,deterministic,1,1,1,1,61,train,31.443,29.526,57.106,1.2970,0.7276,202.31,0.0
2,8302,1,success,594,84,95,500,500,3,9.38,6,4,1,1,0,0.647,1.00,1.00,4.10,3.123,0.8665,0.10,0.200,1.00,0.00,1.010,0.945,0.898,1.082,0.955,1.170,1.433,0.587,1.330,12,01111111111101,0.978,10.0,322,208,69,322,0,deterministic,0,5001,1,1,62,train,17.224,38.561,130.952,1.0375,1.2320,324.05,0.0
3,8303,0,drop,410,62,81,329,500,3,12.07,4,3,1,1,1,0.895,1.00,1.00,3.50,0.274,0.7880,0.10,0.200,0.00,-0.20,1.010,0.945,0.898,1.082,0.955,1.170,1.433,0.587,1.330,12,01111111111101,0.978,10.0,136,189,114,189,0,deterministic,0,5595,5,1,63,train,16.722,37.612,95.329,0.8951,0.9942,268.11,16.5
4,8304,0,drop,232,157,-1,0,500,0,0.00,1,1,0,0,0,0.997,1.00,1.00,3.74,0.346,0.6839,0.10,0.000,0.00,-0.20,1.010,0.945,0.898,1.082,0.955,1.170,1.433,0.587,1.330,12,01111111111101,0.978,10.0,-1,-1,-1,-1,0,deterministic,0,6005,5,1,64,train,16.703,38.887,125.672,1.3407,0.7330,301.92,46.5
5,8305,1,success,898,379,399,500,500,3,5.51,4,2,1,1,1,0.383,1.00,1.00,7.11,1.046,0.8175,0.10,0.200,1.00,0.00,1.010,0.945,0.898,1.082,0.955,1.170,1.433,0.587,1.330,12,01111111111101,0.978,10.0,87,370,109,370,0,deterministic,0,6237,7,1,65,heldout,36.285,22.490,135.805,0.6911,0.4659,659.95,13.6
6,8306,1,success,614,101,115,500,500,3,2.38,4,3,1,1,0,0.210,1.00,1.00,4.07,0.552,0.8865,0.10,0.200,1.00,0.00,1.010,0.945,0.898,1.082,0.955,1.170,1.433,0.587,1.330,12,01111111111101,0.978,10.0,236,469,290,469,0,deterministic,0,7135,5,1,66,heldout,22.123,28.541,87.735,1.0502,0.6395,255.13,6.4
7,8307,0,drop,257,91,113,144,500,1,8.17,3,2,1,1,0,0.572,1.00,1.00,3.42,0.224,0.8643,0.10,0.200,0.00,-0.20,1.010,0.945,0.898,1.082,0.955,1.170,1.433,0.587,1.330,12,01111111111101,0.978,10.0,281,325,56,56,0,deterministic,0,7749,9,1,67,heldout,34.097,24.391,55.643,1.4550,0.5553,167.17,18.7
8,8308,0,drop,929,896,-1,0,500,0,0.00,4,3,1,1,0,0.621,1.00,1.00,5.87,2.716,0.8823,0.10,0.000,0.00,-0.20,1.010,0.945,0.898,1.082,0.955,1.170,1.433,0.587,1.330,12,01111111111101,0.978,10.0,-1,-1,-1,-1,0,deterministic,0,8006,6,1,68,heldout,32.937,29.344,67.175,1.4965,1.3282,171.19,41.7
9,8309,0,maxStep,5000,-1,-1,0,500,0,0.00,0,0,0,0,0,0.565,1.00,1.00,1.19,0.001,0.6707,0.00,0.000,0.00,0.00,1.010,0.945,0.898,1.082,0.955,1.170,1.433,0.587,1.330,12,01111111111101,0.978,10.0,-1,-1,-1,-1,0,deterministic,1,8935,5,1,69,heldout,17.670,29.300,60.442,1.1057,1.0145,122.01,79.7
10,8310,0,maxStep,5000,-1,-1,0,500,0,0.00,0,0,0,1,0,0.239,1.00,1.00,4.89,0.058,0.5762,0.00,0.000,0.00,0.00,1.010,0.945,0.898,1.082,0.955,1.170,1.433,0.587,1.330,12,01111111111101,0.978,10.0,-1,-1,-1,-1,0,deterministic,1,13935,5,1,70,heldout,20.847,27.632,93.104,0.7034,1.2965,235.96,79.7
11,8311,0,maxStep,5000,-1,-1,0,500,0,0.00,2,2,0,0,0,0.258,1.00,1.00,2.20,0.179,0.7811,0.00,0.000,0.00,0.00,1.010,0.945,0.898,1.082,0.955,1.170,1.433,0.587,1.330,12,01111111111101,0.978,10.0,-1,-1,-1,-1,0,deterministic,1,18935,5,1,71,heldout,33.416,15.405,67.889,1.4676,0.6504,121.67,79.7
12,8312,0,maxStep,5000,-1,-1,0,500,0,0.00,2,1,0,1,0,0.309,1.00,1.00,2.65,0.380,0.7814,0.00,0.000,0.00,0.00,1.010,0.945,0.898,1.082,0.955,1.170,1.433,0.587,1.330,12,01111111111101,0.978,10.0,-1,-1,-1,-1,0,deterministic,1,23935,5,1,72,heldout,18.750,31.784,49.287,1.4399,0.9348,94.54,79.7
13,8313,0,maxStep,5000,-1,-1,0,500,0,0.00,0,0,0,1,0,0.826,1.00,1.00,2.45,0.008,0.6614,0.00,0.000,0.00,0.00,1.010,0.945,0.898,1.082,0.955,1.170,1.433,0.587,1.330,12,01111111111101,0.978,10.0,-1,-1,-1,-1,0,deterministic,1,28935,5,1,73,heldout,27.610,35.436,46.010,0.5848,0.7762,257.79,79.7
14,8314,0,drop,149,117,-1,0,500,0,0.00,0,0,0,0,0,0.250,1.00,1.00,3.67,0.376,0.1059,0.10,0.000,0.00,-0.20,1.010,0.945,0.898,1.082,0.955,1.170,1.433,0.587,1.330,12,01111111111101,0.978,10.0,-1,-1,-1,-1,0,deterministic,0,33935,5,1,74,heldout,32.755,21.747,66.984,0.7978,1.1496,212.08,79.7
15,8315,0,maxStep,5000,-1,-1,0,500,0,0.00,0,0,0,1,0,0.684,1.00,1.00,3.79,0.001,0.5932,0.00,0.000,0.00,0.00,1.010,0.945,0.898,1.082,0.955,1.170,1.433,0.587,1.330,12,01111111111101,0.978,10.0,-1,-1,-1,-1,0,deterministic,1,34084,4,1,75,heldout,35.907,18.739,69.591,0.9267,1.4107,172.70,90.2
16,8316,0,drop,92,62,-1,0,500,0,0.00,1,1,0,0,0,0.224,1.00,1.00,5.02,0.091,0.6535,0.10,0.000,0.00,-0.20,1.010,0.945,0.898,1.082,0.955,1.170,1.433,0.587,1.330,12,01111111111101,0.978,10.0,-1,-1,-1,-1,0,deterministic,0,39084,4,1,76,heldout,28.744,21.170,74.564,1.1119,0.5839,204.34,90.2
17,8317,0,maxStep,5000,-1,-1,0,500,0,0.00,3,2,1,0,0,0.308,1.00,1.00,5.04,0.270,0.6830,0.00,0.000,0.00,0.00,1.010,0.945,0.898,1.082,0.955,1.170,1.433,0.587,1.330,12,01111111111101,0.978,10.0,-1,-1,-1,-1,0,deterministic,1,39176,6,1,77,heldout,35.253,33.136,75.749,0.5401,1.4955,386.77,115.6
18,8318,0,drop,189,122,169,20,500,0,0.00,7,4,1,1,1,0.209,1.00,1.00,2.82,1.161,0.8909,0.10,0.080,0.00,-0.20,1.010,0.945,0.898,1.082,0.955,1.170,1.433,0.587,1.330,12,01111111111101,0.978,10.0,359,106,403,-1,0,deterministic,0,44176,6,1,78,heldout,37.525,18.592,133.585,0.5526,0.8267,532.62,115.6
19,8319,1,success,682,171,183,500,500,3,3.54,7,3,1,1,0,0.253,1.00,1.00,5.86,1.728,0.8784,0.10,0.200,1.00,0.00,1.010,0.945,0.898,1.082,0.955,1.170,1.433,0.587,1.330,12,01111111111101,0.978,10.0,40,102,115,115,0,deterministic,0,44365,5,1,79,heldout,33.936,15.393,101.253,1.0854,1.3937,178.28,158.1
20,8320,0,drop,138,102,117,21,500,0,0.00,4,3,1,1,0,0.634,1.00,1.00,5.06,0.676,0.8107,0.10,0.084,0.00,-0.20,1.010,0.945,0.898,1.082,0.955,1.170,1.433,0.587,1.330,12,01111111111101,0.978,10.0,423,455,425,-1,0,deterministic,0,45047,7,1,80,heldout,15.136,29.300,46.411,0.5390,0.3217,136.58,147.9
21,8321,0,maxStep,5000,-1,-1,0,500,0,0.00,2,1,1,1,0,1.278,1.00,1.00,5.72,0.115,0.7697,0.00,0.000,0.00,0.00,1.010,0.945,0.898,1.082,0.955,1.170,1.433,0.587,1.330,12,01111111111101,0.978,10.0,-1,-1,-1,-1,0,deterministic,1,45185,5,1,1,train,31.047,24.760,72.552,1.3361,1.4398,156.28,144.8
22,8322,0,drop,457,93,110,347,500,2,16.88,5,3,1,0,0,1.239,1.00,1.00,4.80,1.171,0.8617,0.10,0.200,0.00,-0.20,1.010,0.945,0.898,1.082,0.955,1.170,1.433,0.587,1.330,12,01111111111101,0.978,10.0,210,146,450,210,0,deterministic,0,50185,5,1,2,train,21.884,35.004,81.221,0.6189,0.3948,391.09,144.8
23,8323,0,maxStep,5000,-1,-1,0,500,0,0.00,2,1,0,1,0,0.324,1.00,1.00,3.87,0.112,0.6962,0.00,0.000,0.00,0.00,1.010,0.945,0.898,1.082,0.955,1.170,1.433,0.587,1.330,12,01111111111101,0.978,10.0,-1,-1,-1,-1,0,deterministic,1,50642,2,1,3,train,21.589,16.906,40.357,0.6075,0.9338,78.84,154.6
24,8324,1,success,592,79,93,500,500,3,6.38,5,3,1,1,0,0.444,1.00,1.00,2.86,1.054,0.8343,0.10,0.200,1.00,0.00,1.010,0.945,0.898,1.082,0.955,1.170,1.433,0.587,1.330,12,01111111111101,0.978,10.0,158,2,407,407,0,deterministic,0,55642,2,1,4,train,21.351,37.407,95.772,1.4575,0.7977,255.52,154.6
25,8325,1,success,622,102,123,500,500,3,6.58,4,3,1,1,0,0.468,1.00,1.00,3.82,0.366,0.9028,0.10,0.200,1.00,0.00,1.010,0.945,0.898,1.082,0.955,1.170,1.433,0.587,1.330,12,01111111111101,0.978,10.0,1,432,475,475,0,deterministic,0,56234,4,1,5,train,16.135,20.049,68.997,0.3575,1.2818,115.81,160.9
26,8326,0,drop,67,46,-1,0,500,0,0.00,1,1,0,0,0,1.004,1.00,1.00,1.57,0.106,0.7669,0.10,0.000,0.00,-0.20,1.010,0.945,0.898,1.082,0.955,1.170,1.433,0.587,1.330,12,01111111111101,0.978,10.0,-1,-1,-1,-1,0,deterministic,0,56856,6,1,6,train,32.805,30.304,89.156,0.3976,0.4904,601.39,163.6
27,8327,0,maxStep,5000,-1,-1,0,500,0,0.00,1,0,1,1,0,0.625,1.00,1.00,2.66,0.121,0.8557,0.00,0.000,0.00,0.00,1.010,0.945,0.898,1.082,0.955,1.170,1.433,0.587,1.330,12,01111111111101,0.978,10.0,-1,-1,-1,-1,0,deterministic,1,56923,3,1,7,train,34.473,27.537,42.634,0.5100,0.5809,255.36,135.1
28,8328,0,drop,62,50,-1,0,500,0,0.00,0,0,0,0,0,0.321,1.00,1.00,1.22,0.024,0.2005,0.10,0.000,0.00,-0.20,1.010,0.945,0.898,1.082,0.955,1.170,1.433,0.587,1.330,12,01111111111101,0.978,10.0,-1,-1,-1,-1,0,deterministic,0,61923,3,1,8,train,36.195,29.393,124.703,1.2264,1.3208,421.57,135.1
29,8329,0,maxStep,5000,-1,-1,0,500,0,0.00,0,0,0,1,0,0.729,1.00,1.00,2.90,0.005,0.5783,0.00,0.000,0.00,0.00,1.010,0.945,0.898,1.082,0.955,1.170,1.433,0.587,1.330,12,01111111111101,0.978,10.0,-1,-1,-1,-1,0,deterministic,1,61985,5,1,9,train,25.811,17.362,63.504,1.2444,0.5251,119.56,98.6
30,8330,0,maxStep,5000,-1,-1,0,500,0,0.00,0,0,0,1,0,1.179,1.00,1.00,7.87,0.164,0.7951,0.00,0.000,0.00,0.00,1.010,0.945,0.898,1.082,0.955,1.170,1.433,0.587,1.330,12,01111111111101,0.978,10.0,-1,-1,-1,-1,0,deterministic,1,66985,5,1,10,train,32.778,33.363,58.086,1.2889,0.7902,238.64,98.6
31,8331,0,maxStep,5000,-1,-1,0,500,0,0.00,0,0,0,1,0,1.490,1.00,1.00,5.66,0.206,0.5498,0.00,0.000,0.00,0.00,1.010,0.945,0.898,1.082,0.955,1.170,1.433,0.587,1.330,12,01111111111101,0.978,10.0,-1,-1,-1,-1,0,deterministic,1,71985,5,1,11,train,23.861,18.552,94.832,1.2285,0.9398,155.55,98.6
32,8332,0,drop,196,175,-1,0,500,0,0.00,0,0,0,1,0,0.658,1.00,1.00,10.44,1.342,0.4922,0.10,0.000,0.00,-0.20,1.010,0.945,0.898,1.082,0.955,1.170,1.433,0.587,1.330,12,01111111111101,0.978,10.0,-1,-1,-1,-1,0,deterministic,0,76985,5,1,12,train,36.336,25.060,127.482,1.4676,0.3418,438.00,98.6
33,8333,0,maxStep,5000,-1,-1,0,500,0,0.00,0,0,0,0,0,0.276,1.00,1.00,12.36,0.012,0.0774,0.00,0.000,0.00,0.00,1.010,0.945,0.898,1.082,0.955,1.170,1.433,0.587,1.330,12,01111111111101,0.978,10.0,-1,-1,-1,-1,0,deterministic,1,77181,1,1,13,train,33.329,18.812,79.008,0.3524,1.4270,241.61,90.3
34,8334,0,maxStep,5000,-1,-1,0,500,0,0.00,5,3,0,1,0,0.292,1.00,1.00,3.33,2.383,0.8907,0.00,0.000,0.00,0.00,1.010,0.945,0.898,1.082,0.955,1.170,1.433,0.587,1.330,12,01111111111101,0.978,10.0,-1,-1,-1,-1,0,deterministic,1,82181,1,1,14,train,38.842,19.159,45.103,0.7722,0.7428,176.27,90.3
35,8335,0,maxStep,5000,-1,-1,0,500,0,0.00,3,2,0,1,0,1.003,1.00,1.00,4.52,0.159,0.7757,0.00,0.000,0.00,0.00,1.010,0.945,0.898,1.082,0.955,1.170,1.433,0.587,1.330,12,01111111111101,0.978,10.0,-1,-1,-1,-1,0,deterministic,1,87181,1,1,15,train,26.487,23.966,98.091,1.1515,0.5858,273.25,90.3
36,8336,0,maxStep,5000,-1,-1,0,500,0,0.00,1,1,0,1,0,0.815,1.00,1.00,1.75,0.065,0.7525,0.00,0.000,0.00,0.00,1.010,0.945,0.898,1.082,0.955,1.170,1.433,0.587,1.330,12,01111111111101,0.978,10.0,-1,-1,-1,-1,0,deterministic,1,92181,1,1,16,train,35.450,30.559,130.626,1.3876,1.3520,398.10,90.3
37,8337,0,maxStep,5000,-1,-1,0,500,0,0.00,0,0,0,0,0,0.836,1.00,1.00,0.54,0.000,-0.2696,0.00,0.000,0.00,0.00,1.010,0.945,0.898,1.082,0.955,1.170,1.433,0.587,1.330,12,01111111111101,0.978,10.0,-1,-1,-1,-1,0,deterministic,1,97181,1,1,17,train,23.932,19.614,113.470,1.0626,0.3633,261.73,90.3
38,8338,0,maxStep,5000,-1,-1,0,500,0,0.00,3,3,0,1,0,0.245,1.00,1.00,1.72,0.279,0.8426,0.00,0.000,0.00,0.00,1.010,0.945,0.898,1.082,0.955,1.170,1.433,0.587,1.330,12,01111111111101,0.978,10.0,-1,-1,-1,-1,0,deterministic,1,102181,1,1,18,train,33.181,27.881,44.117,1.0488,1.0641,161.76,90.3
39,8339,0,drop,184,132,-1,0,500,0,0.00,0,0,0,1,0,1.266,1.00,1.00,3.80,0.298,0.6065,0.10,0.000,0.00,-0.20,1.010,0.945,0.898,1.082,0.955,1.170,1.433,0.587,1.330,12,01111111111101,0.978,10.0,-1,-1,-1,-1,0,deterministic,0,107181,1,1,19,train,35.580,32.692,60.657,0.4504,0.4169,477.13,90.3
40,8340,0,maxStep,5000,-1,-1,0,500,0,0.00,4,2,0,0,1,0.245,1.00,1.00,5.64,0.480,0.8347,0.00,0.000,0.00,0.00,1.010,0.945,0.898,1.082,0.955,1.170,1.433,0.587,1.330,12,01111111111101,0.978,10.0,-1,-1,-1,-1,0,deterministic,1,107365,5,1,20,train,35.347,15.014,133.602,0.5210,0.9882,387.45,65.2
41,8341,0,drop,200,155,184,16,500,0,0.00,4,3,1,0,0,1.245,1.00,1.00,27.33,0.676,0.8983,0.10,0.064,0.00,-0.20,1.010,0.945,0.898,1.082,0.955,1.170,1.433,0.587,1.330,12,01111111111101,0.978,10.0,319,285,90,-1,0,deterministic,0,112365,5,1,21,train,23.225,29.619,71.777,0.4654,0.6382,312.38,65.2
42,8342,0,drop,126,106,-1,0,500,0,0.00,4,3,0,1,0,0.635,1.00,1.00,2.33,0.298,0.7803,0.10,0.000,0.00,-0.20,1.010,0.945,0.898,1.082,0.955,1.170,1.433,0.587,1.330,12,01111111111101,0.978,10.0,-1,-1,-1,-1,0,deterministic,0,112565,5,1,22,train,36.168,23.019,62.535,1.0766,1.3876,176.95,25.0
43,8343,0,drop,206,133,170,36,500,0,0.00,4,3,1,0,0,1.363,1.00,1.00,4.56,0.401,0.8926,0.10,0.144,0.00,-0.20,1.010,0.945,0.898,1.082,0.955,1.170,1.433,0.587,1.330,12,01111111111101,0.978,10.0,238,280,301,-1,0,deterministic,0,112691,1,1,23,train,27.519,29.948,55.904,0.3788,0.6950,296.62,38.1
44,8344,0,maxStep,5000,-1,-1,0,500,0,0.00,5,3,1,1,0,0.411,1.00,1.00,4.22,0.665,0.9072,0.00,0.000,0.00,0.00,1.010,0.945,0.898,1.082,0.955,1.170,1.433,0.587,1.330,12,01111111111101,0.978,10.0,-1,-1,-1,-1,0,deterministic,1,112897,7,1,24,train,35.694,22.659,53.156,0.4276,1.2096,223.81,37.7
45,8345,0,drop,150,130,-1,0,500,0,0.00,4,2,1,1,0,1.151,1.00,1.00,4.86,0.437,0.8809,0.10,0.000,0.00,-0.20,1.010,0.945,0.898,1.082,0.955,1.170,1.433,0.587,1.330,12,01111111111101,0.978,10.0,-1,-1,-1,-1,0,deterministic,0,117897,7,1,25,train,19.166,36.166,72.466,0.4493,0.8716,295.89,37.7
46,8346,0,drop,133,122,-1,0,500,0,0.00,0,0,0,0,0,0.833,1.00,1.00,2.55,0.078,0.5603,0.10,0.000,0.00,-0.20,1.010,0.945,0.898,1.082,0.955,1.170,1.433,0.587,1.330,12,01111111111101,0.978,10.0,-1,-1,-1,-1,0,deterministic,0,118047,7,1,26,train,18.676,29.813,80.949,0.8438,1.0622,202.20,63.5
47,8347,0,maxStep,5000,-1,-1,0,500,0,0.00,1,1,0,0,0,0.989,1.00,1.00,3.02,0.252,0.8006,0.00,0.000,0.00,0.00,1.010,0.945,0.898,1.082,0.955,1.170,1.433,0.587,1.330,12,01111111111101,0.978,10.0,-1,-1,-1,-1,0,deterministic,1,118180,0,1,27,train,23.921,20.206,41.417,1.1233,0.7659,84.51,87.8
48,8348,0,maxStep,5000,-1,-1,0,500,0,0.00,0,0,0,0,0,0.387,1.00,1.00,4.42,0.010,0.4065,0.00,0.000,0.00,0.00,1.010,0.945,0.898,1.082,0.955,1.170,1.433,0.587,1.330,12,01111111111101,0.978,10.0,-1,-1,-1,-1,0,deterministic,1,123180,0,1,28,train,18.031,31.155,99.055,0.5760,1.1803,274.35,87.8
49,8349,0,drop,138,73,-1,0,500,0,0.00,0,0,0,1,0,0.511,1.00,1.00,2.87,0.044,0.6988,0.10,0.000,0.00,-0.20,1.010,0.945,0.898,1.082,0.955,1.170,1.433,0.587,1.330,12,01111111111101,0.978,10.0,-1,-1,-1,-1,0,deterministic,0,128180,0,1,29,train,26.732,38.528,61.905,1.2360,0.4652,273.62,87.8
50,8350,0,maxStep,5000,-1,-1,0,500,0,0.00,0,0,0,1,0,0.312,1.00,1.00,6.59,0.195,0.6615,0.00,0.000,0.00,0.00,1.010,0.945,0.898,1.082,0.955,1.170,1.433,0.587,1.330,12,01111111111101,0.978,10.0,-1,-1,-1,-1,0,deterministic,1,128318,8,1,30,train,28.614,32.208,59.668,1.3037,1.1835,175.98,95.8
51,8351,0,maxStep,5000,-1,-1,0,500,0,0.00,3,2,0,1,0,0.270,1.00,1.00,9.09,0.433,0.8418,0.00,0.000,0.00,0.00,1.010,0.945,0.898,1.082,0.955,1.170,1.433,0.587,1.330,12,01111111111101,0.978,10.0,-1,-1,-1,-1,0,deterministic,1,133318,8,1,31,train,23.708,34.277,138.006,1.2129,0.3524,501.56,95.8
52,8352,0,maxStep,5000,-1,-1,0,500,0,0.00,0,0,0,1,0,0.642,1.00,1.00,1.17,0.002,0.6378,0.00,0.000,0.00,0.00,1.010,0.945,0.898,1.082,0.955,1.170,1.433,0.587,1.330,12,01111111111101,0.978,10.0,-1,-1,-1,-1,0,deterministic,1,138318,8,1,32,train,36.593,32.602,99.170,0.5878,1.1544,586.26,95.8
53,8353,0,maxStep,5000,-1,-1,0,500,0,0.00,0,0,0,1,0,0.455,1.00,1.00,2.22,0.006,0.6791,0.00,0.000,0.00,0.00,1.010,0.945,0.898,1.082,0.955,1.170,1.433,0.587,1.330,12,01111111111101,0.978,10.0,-1,-1,-1,-1,0,deterministic,1,143318,8,1,33,train,32.918,18.795,134.192,1.0211,1.0245,340.03,95.8
54,8354,0,maxStep,5000,-1,-1,0,500,0,0.00,2,2,0,1,0,1.287,1.00,1.00,8.31,0.416,0.7652,0.00,0.000,0.00,0.00,1.010,0.945,0.898,1.082,0.955,1.170,1.433,0.587,1.330,12,01111111111101,0.978,10.0,-1,-1,-1,-1,0,deterministic,1,148318,8,1,34,train,27.249,19.574,113.013,1.1747,0.9965,226.41,95.8
55,8355,0,maxStep,5000,-1,-1,0,500,0,0.00,2,1,0,1,0,0.672,1.00,1.00,2.72,0.499,0.7998,0.00,0.000,0.00,0.00,1.010,0.945,0.898,1.082,0.955,1.170,1.433,0.587,1.330,12,01111111111101,0.978,10.0,-1,-1,-1,-1,0,deterministic,1,153318,8,1,35,train,21.937,16.207,80.050,1.0230,1.2294,107.10,95.8
56,8356,0,maxStep,5000,-1,-1,0,500,0,0.00,0,0,0,1,0,0.760,1.00,1.00,21.60,0.244,0.6786,0.00,0.000,0.00,0.00,1.010,0.945,0.898,1.082,0.955,1.170,1.433,0.587,1.330,12,01111111111101,0.978,10.0,-1,-1,-1,-1,0,deterministic,1,158318,8,1,36,train,22.755,21.216,106.303,0.8811,0.5510,268.72,95.8
57,8357,0,maxStep,5000,-1,-1,0,500,0,0.00,0,0,0,1,0,0.272,1.00,1.00,3.36,0.004,0.8061,0.00,0.000,0.00,0.00,1.010,0.945,0.898,1.082,0.955,1.170,1.433,0.587,1.330,12,01111111111101,0.978,10.0,-1,-1,-1,-1,0,deterministic,1,163318,8,1,37,train,19.176,32.609,103.024,0.6003,1.1178,322.06,95.8
58,8358,0,drop,158,132,-1,0,500,0,0.00,0,0,0,0,0,0.399,1.00,1.00,4.47,0.159,0.6213,0.10,0.000,0.00,-0.20,1.010,0.945,0.898,1.082,0.955,1.170,1.433,0.587,1.330,12,01111111111101,0.978,10.0,-1,-1,-1,-1,0,deterministic,0,168318,8,1,38,train,26.802,37.906,83.099,0.9259,1.2583,332.92,95.8
59,8359,0,drop,1963,1905,-1,0,500,0,0.00,2,2,0,0,0,1.169,1.00,1.00,4.30,0.411,0.8267,0.10,0.000,0.00,-0.20,1.010,0.945,0.898,1.082,0.955,1.170,1.433,0.587,1.330,12,01111111111101,0.978,10.0,-1,-1,-1,-1,0,deterministic,0,168476,6,1,39,train,16.252,38.065,124.852,0.5418,0.6966,463.56,88.2
60,8360,0,drop,539,517,-1,0,500,0,0.00,0,0,0,0,0,1.099,1.00,1.00,8.42,0.791,0.4488,0.10,0.000,0.00,-0.20,1.010,0.945,0.898,1.082,0.955,1.170,1.433,0.587,1.330,12,01111111111101,0.978,10.0,-1,-1,-1,-1,0,deterministic,0,170439,9,1,40,train,21.733,35.538,105.031,0.8821,1.2282,332.52,98.7
61,8361,0,maxStep,5000,-1,-1,0,500,0,0.00,2,1,0,1,0,0.881,1.00,1.00,2.96,0.374,0.7555,0.00,0.000,0.00,0.00,1.010,0.945,0.898,1.082,0.955,1.170,1.433,0.587,1.330,12,01111111111101,0.978,10.0,-1,-1,-1,-1,0,deterministic,1,170978,8,1,41,train,17.947,34.951,90.211,1.0314,0.5373,271.64,92.2
62,8362,0,maxStep,5000,-1,-1,0,500,0,0.00,0,0,0,1,0,0.216,1.00,1.00,7.37,0.019,0.5992,0.00,0.000,0.00,0.00,1.010,0.945,0.898,1.082,0.955,1.170,1.433,0.587,1.330,12,01111111111101,0.978,10.0,-1,-1,-1,-1,0,deterministic,1,175978,8,1,42,train,37.019,20.801,71.726,0.3381,1.3620,278.72,92.2
63,8363,0,drop,139,118,-1,0,500,0,0.00,2,2,0,1,0,0.534,1.00,1.00,3.28,0.221,0.7593,0.10,0.000,0.00,-0.20,1.010,0.945,0.898,1.082,0.955,1.170,1.433,0.587,1.330,12,01111111111101,0.978,10.0,-1,-1,-1,-1,0,deterministic,0,180978,8,1,43,train,35.582,23.328,103.205,1.0902,1.1934,313.82,92.2
64,8364,0,maxStep,5000,-1,-1,0,500,0,0.00,4,3,1,1,0,0.230,1.00,1.00,3.45,0.181,0.9007,0.00,0.000,0.00,0.00,1.010,0.945,0.898,1.082,0.955,1.170,1.433,0.587,1.330,12,01111111111101,0.978,10.0,-1,-1,-1,-1,0,deterministic,1,181117,7,1,44,train,37.133,39.459,41.001,1.0527,1.0087,242.75,81.0
65,8365,0,maxStep,5000,-1,-1,0,500,0,0.00,0,0,0,1,0,0.850,1.00,1.00,1.92,0.007,0.7302,0.00,0.000,0.00,0.00,1.010,0.945,0.898,1.082,0.955,1.170,1.433,0.587,1.330,12,01111111111101,0.978,10.0,-1,-1,-1,-1,0,deterministic,1,186117,7,1,45,train,36.688,20.369,51.484,0.3996,1.4932,178.89,81.0
66,8366,0,maxStep,5000,-1,-1,0,500,0,0.00,3,2,0,1,0,0.207,1.00,1.00,2.86,2.076,0.8302,0.00,0.000,0.00,0.00,1.010,0.945,0.898,1.082,0.955,1.170,1.433,0.587,1.330,12,01111111111101,0.978,10.0,-1,-1,-1,-1,0,deterministic,1,191117,7,1,46,train,36.661,37.536,67.824,1.1346,0.5871,413.91,81.0
67,8367,0,maxStep,5000,-1,-1,0,500,0,0.00,1,1,0,1,0,0.218,1.00,1.00,5.28,0.187,0.7845,0.00,0.000,0.00,0.00,1.010,0.945,0.898,1.082,0.955,1.170,1.433,0.587,1.330,12,01111111111101,0.978,10.0,-1,-1,-1,-1,0,deterministic,1,196117,7,1,47,train,25.191,23.331,58.754,0.5838,0.5205,214.05,81.0
68,8368,0,drop,127,91,-1,0,500,0,0.00,0,0,0,1,0,0.310,1.00,1.00,1.89,0.025,0.7248,0.10,0.000,0.00,-0.20,1.010,0.945,0.898,1.082,0.955,1.170,1.433,0.587,1.330,12,01111111111101,0.978,10.0,-1,-1,-1,-1,0,deterministic,0,201117,7,1,48,train,38.233,22.872,51.378,0.7034,0.6337,253.63,81.0
69,8369,0,maxStep,5000,-1,-1,0,500,0,0.00,1,0,1,1,0,0.400,1.00,1.00,3.05,0.197,0.5252,0.00,0.000,0.00,0.00,1.010,0.945,0.898,1.082,0.955,1.170,1.433,0.587,1.330,12,01111111111101,0.978,10.0,-1,-1,-1,-1,0,deterministic,1,201244,4,1,49,train,29.393,36.823,102.894,0.6351,1.3283,500.71,135.4
70,8370,0,drop,401,392,-1,0,500,0,0.00,1,1,0,0,0,0.327,1.00,1.00,7.44,0.242,0.5549,0.10,0.000,0.00,-0.20,1.010,0.945,0.898,1.082,0.955,1.170,1.433,0.587,1.330,12,01111111111101,0.978,10.0,-1,-1,-1,-1,0,deterministic,0,206244,4,1,50,train,31.868,29.878,95.063,0.5117,0.6830,553.22,135.4
71,8371,1,success,580,74,81,500,500,3,3.58,5,3,1,1,0,0.296,1.00,1.00,4.19,0.724,0.8867,0.10,0.200,1.00,0.00,1.010,0.945,0.898,1.082,0.955,1.170,1.433,0.587,1.330,12,01111111111101,0.978,10.0,253,224,112,253,0,deterministic,0,206645,5,1,51,train,24.281,21.016,73.804,0.5932,0.7756,214.84,168.4
72,8372,0,maxStep,5000,-1,-1,0,500,0,0.00,1,0,1,1,0,0.717,1.00,1.00,2.59,0.123,0.8146,0.00,0.000,0.00,0.00,1.010,0.945,0.898,1.082,0.955,1.170,1.433,0.587,1.330,12,01111111111101,0.978,10.0,-1,-1,-1,-1,0,deterministic,1,207225,5,1,52,train,25.171,22.050,49.728,0.4464,0.7559,169.50,163.5
73,8373,1,success,609,104,110,500,500,3,8.46,4,3,1,1,0,0.652,1.00,1.00,4.49,0.608,0.8847,0.10,0.200,1.00,0.00,1.010,0.945,0.898,1.082,0.955,1.170,1.433,0.587,1.330,12,01111111111101,0.978,10.0,8,349,381,381,0,deterministic,0,212225,5,1,53,train,37.316,38.790,99.719,1.3407,1.1551,455.86,163.5
74,8374,0,maxStep,5000,-1,-1,0,500,0,0.00,1,0,1,1,0,0.254,1.00,1.00,2.99,0.030,0.7598,0.00,0.000,0.00,0.00,1.010,0.945,0.898,1.082,0.955,1.170,1.433,0.587,1.330,12,01111111111101,0.978,10.0,-1,-1,-1,-1,0,deterministic,1,212834,4,1,54,train,21.022,34.378,55.628,0.6451,0.8694,216.21,156.4
75,8375,0,maxStep,5000,-1,-1,0,500,0,0.00,0,0,0,1,0,0.955,1.00,1.00,1.81,0.047,0.5089,0.00,0.000,0.00,0.00,1.010,0.945,0.898,1.082,0.955,1.170,1.433,0.587,1.330,12,01111111111101,0.978,10.0,-1,-1,-1,-1,0,deterministic,1,217834,4,1,55,train,24.427,37.652,44.884,1.2900,0.9209,147.88,156.4
76,8376,0,maxStep,5000,-1,-1,0,500,0,0.00,5,3,1,1,0,1.313,1.00,1.00,1.50,0.924,0.8900,0.00,0.000,0.00,0.00,1.010,0.945,0.898,1.082,0.955,1.170,1.433,0.587,1.330,12,01111111111101,0.978,10.0,-1,-1,-1,-1,0,deterministic,1,222834,4,1,56,train,31.905,18.072,89.018,1.1373,0.8966,205.06,156.4
77,8377,1,success,636,120,137,500,500,3,2.87,5,3,1,1,0,0.243,1.00,1.00,5.58,0.744,0.9193,0.10,0.200,1.00,0.00,1.010,0.945,0.898,1.082,0.955,1.170,1.433,0.587,1.330,12,01111111111101,0.978,10.0,130,340,95,340,0,deterministic,0,227834,4,1,57,train,36.067,16.908,109.748,0.5559,0.4126,432.06,156.4
78,8378,0,drop,57,48,-1,0,500,0,0.00,0,0,0,0,0,0.352,1.00,1.00,1.95,0.079,0.6510,0.10,0.000,0.00,-0.20,1.010,0.945,0.898,1.082,0.955,1.170,1.433,0.587,1.330,12,01111111111101,0.978,10.0,-1,-1,-1,-1,0,deterministic,0,228470,0,1,58,train,26.358,37.334,123.432,0.5956,1.3056,562.47,157.5
79,8379,1,success,604,87,105,500,500,3,8.46,6,3,1,1,0,0.881,1.00,1.00,3.18,1.086,0.8454,0.10,0.200,1.00,0.00,1.010,0.945,0.898,1.082,0.955,1.170,1.433,0.587,1.330,12,01111111111101,0.978,10.0,132,439,75,439,0,deterministic,0,228527,7,1,59,train,17.775,28.076,70.747,0.3587,0.3391,251.86,161.7
80,8380,1,success,594,81,95,500,500,3,3.65,3,2,1,1,0,0.252,1.00,1.00,2.61,0.295,0.8037,0.10,0.200,1.00,0.00,1.010,0.945,0.898,1.082,0.955,1.170,1.433,0.587,1.330,12,01111111111101,0.978,10.0,489,57,256,489,0,deterministic,0,229131,1,1,60,train,22.274,17.150,78.467,0.6541,1.4488,126.53,151.9
81,8381,0,drop,556,548,-1,0,500,0,0.00,3,3,0,1,0,0.352,1.00,1.00,7.05,0.440,0.8990,0.10,0.000,0.00,-0.20,1.010,0.945,0.898,1.082,0.955,1.170,1.433,0.587,1.330,12,01111111111101,0.978,10.0,-1,-1,-1,-1,0,deterministic,0,229725,5,1,61,train,31.443,29.526,57.106,1.2970,0.7276,202.31,177.8
82,8382,0,drop,173,133,173,0,500,0,0.00,8,4,1,1,0,0.327,1.00,1.00,10.19,0.712,0.8728,0.10,0.000,0.00,-0.20,1.010,0.945,0.898,1.082,0.955,1.170,1.433,0.587,1.330,12,01111111111101,0.978,10.0,-1,-1,-1,-1,0,deterministic,0,230281,1,1,62,train,17.224,38.561,130.952,1.0375,1.2320,324.05,115.5
83,8383,0,maxStep,5000,-1,-1,0,500,0,0.00,3,1,1,1,0,0.600,1.00,1.00,1.77,1.753,0.8265,0.00,0.000,0.00,0.00,1.010,0.945,0.898,1.082,0.955,1.170,1.433,0.587,1.330,12,01111111111101,0.978,10.0,-1,-1,-1,-1,0,deterministic,1,230454,4,1,63,train,16.722,37.612,95.329,0.8951,0.9942,268.11,158.0
84,8384,1,success,609,105,110,500,500,3,3.42,7,3,1,1,0,0.299,1.00,1.00,2.50,1.923,0.8860,0.10,0.200,1.00,0.00,1.010,0.945,0.898,1.082,0.955,1.170,1.433,0.587,1.330,12,01111111111101,0.978,10.0,261,23,407,407,0,deterministic,0,235454,4,1,64,train,16.703,38.887,125.672,1.3407,0.7330,301.92,158.0
85,8385,1,success,631,112,132,500,500,3,3.46,7,3,1,1,0,0.247,1.00,1.00,4.24,1.121,0.9240,0.10,0.200,1.00,0.00,1.010,0.945,0.898,1.082,0.955,1.170,1.433,0.587,1.330,12,01111111111101,0.978,10.0,440,3,456,456,0,deterministic,0,236063,3,1,65,heldout,36.285,22.490,135.805,0.6911,0.4659,659.95,166.3
86,8386,1,success,616,97,117,500,500,3,5.97,5,3,1,1,0,0.453,1.00,1.00,3.86,0.777,0.9019,0.10,0.200,1.00,0.00,1.010,0.945,0.898,1.082,0.955,1.170,1.433,0.587,1.330,12,01111111111101,0.978,10.0,101,113,296,296,0,deterministic,0,236694,4,1,66,heldout,22.123,28.541,87.735,1.0502,0.6395,255.13,171.2
87,8387,0,maxStep,5000,-1,-1,0,500,0,0.00,2,1,0,1,0,0.653,1.00,1.00,2.39,0.056,0.7255,0.00,0.000,0.00,0.00,1.010,0.945,0.898,1.082,0.955,1.170,1.433,0.587,1.330,12,01111111111101,0.978,10.0,-1,-1,-1,-1,0,deterministic,1,237310,0,1,67,heldout,34.097,24.391,55.643,1.4550,0.5553,167.17,160.2
88,8388,0,drop,855,844,850,5,500,0,0.00,0,0,0,0,0,0.540,1.00,1.00,5.79,0.511,0.4183,0.10,0.020,0.00,-0.20,1.010,0.945,0.898,1.082,0.955,1.170,1.433,0.587,1.330,12,01111111111101,0.978,10.0,164,160,200,-1,0,deterministic,0,242310,0,1,68,heldout,32.937,29.344,67.175,1.4965,1.3282,171.19,160.2
89,8389,0,maxStep,5000,-1,-1,0,500,0,0.00,4,3,0,0,0,1.064,1.00,1.00,14.34,1.894,0.8490,0.00,0.000,0.00,0.00,1.010,0.945,0.898,1.082,0.955,1.170,1.433,0.587,1.330,12,01111111111101,0.978,10.0,-1,-1,-1,-1,0,deterministic,1,243165,5,1,69,heldout,17.670,29.300,60.442,1.1057,1.0145,122.01,136.8
90,8390,0,drop,1083,1055,1060,23,500,0,0.00,0,0,0,0,0,0.403,1.00,1.00,17.70,0.322,0.6268,0.10,0.092,0.00,-0.20,1.010,0.945,0.898,1.082,0.955,1.170,1.433,0.587,1.330,12,01111111111101,0.978,10.0,78,406,171,-1,0,deterministic,0,248165,5,1,70,heldout,20.847,27.632,93.104,0.7034,1.2965,235.96,136.8
91,8391,0,drop,115,101,-1,0,500,0,0.00,5,3,0,0,0,1.457,1.00,1.00,2.46,0.469,0.7117,0.10,0.000,0.00,-0.20,1.010,0.945,0.898,1.082,0.955,1.170,1.433,0.587,1.330,12,01111111111101,0.978,10.0,-1,-1,-1,-1,0,deterministic,0,249248,8,1,71,heldout,33.416,15.405,67.889,1.4676,0.6504,121.67,134.6
92,8392,0,maxStep,5000,-1,-1,0,500,0,0.00,0,0,0,0,0,1.100,1.00,1.00,4.67,0.003,0.6402,0.00,0.000,0.00,0.00,1.010,0.945,0.898,1.082,0.955,1.170,1.433,0.587,1.330,12,01111111111101,0.978,10.0,-1,-1,-1,-1,0,deterministic,1,249363,3,1,72,heldout,18.750,31.784,49.287,1.4399,0.9348,94.54,131.8
93,8393,0,drop,196,187,-1,0,500,0,0.00,3,3,0,1,0,1.102,1.00,1.00,2.47,0.217,0.8642,0.10,0.000,0.00,-0.20,1.010,0.945,0.898,1.082,0.955,1.170,1.433,0.587,1.330,12,01111111111101,0.978,10.0,-1,-1,-1,-1,0,deterministic,0,254363,3,1,73,heldout,27.610,35.436,46.010,0.5848,0.7762,257.79,131.8
94,8394,0,drop,104,89,-1,0,500,0,0.00,3,3,0,0,0,0.305,1.00,1.00,2.20,0.050,0.8499,0.10,0.000,0.00,-0.20,1.010,0.945,0.898,1.082,0.955,1.170,1.433,0.587,1.330,12,01111111111101,0.978,10.0,-1,-1,-1,-1,0,deterministic,0,254559,9,1,74,heldout,32.755,21.747,66.984,0.7978,1.1496,212.08,154.6
95,8395,0,maxStep,5000,-1,-1,0,500,0,0.00,5,3,1,1,0,0.370,1.00,1.00,2.26,1.293,0.8642,0.00,0.000,0.00,0.00,1.010,0.945,0.898,1.082,0.955,1.170,1.433,0.587,1.330,12,01111111111101,0.978,10.0,-1,-1,-1,-1,0,deterministic,1,254663,3,1,75,heldout,35.907,18.739,69.591,0.9267,1.4107,172.70,131.4
96,8396,0,maxStep,5000,-1,-1,0,500,0,0.00,4,3,1,1,0,0.286,1.00,1.00,4.57,0.867,0.8979,0.00,0.000,0.00,0.00,1.010,0.945,0.898,1.082,0.955,1.170,1.433,0.587,1.330,12,01111111111101,0.978,10.0,-1,-1,-1,-1,0,deterministic,1,259663,3,1,76,heldout,28.744,21.170,74.564,1.1119,0.5839,204.34,131.4
97,8397,0,drop,67,53,-1,0,500,0,0.00,2,1,0,0,0,0.296,1.00,1.00,1.26,0.167,0.7897,0.10,0.000,0.00,-0.20,1.010,0.945,0.898,1.082,0.955,1.170,1.433,0.587,1.330,12,01111111111101,0.978,10.0,-1,-1,-1,-1,0,deterministic,0,264663,3,1,77,heldout,35.253,33.136,75.749,0.5401,1.4955,386.77,131.4
98,8398,0,drop,108,79,87,21,500,0,0.00,0,0,0,0,0,0.297,1.00,1.00,2.26,0.149,0.6552,0.10,0.084,0.00,-0.20,1.010,0.945,0.898,1.082,0.955,1.170,1.433,0.587,1.330,12,01111111111101,0.978,10.0,353,261,271,-1,0,deterministic,0,264730,0,1,78,heldout,37.525,18.592,133.585,0.5526,0.8267,532.62,144.3
99,8399,0,maxStep,5000,-1,-1,0,500,0,0.00,4,3,1,1,0,1.214,1.00,1.00,9.91,0.536,0.9092,0.00,0.000,0.00,0.00,1.010,0.945,0.898,1.082,0.955,1.170,1.433,0.587,1.330,12,01111111111101,0.978,10.0,-1,-1,-1,-1,0,deterministic,1,264838,8,1,79,heldout,33.936,15.393,101.253,1.0854,1.3937,178.28,143.1
100,8400,0,maxStep,5000,-1,-1,0,500,0,0.00,2,1,0,1,0,0.201,1.00,1.00,3.01,0.589,0.6828,0.00,0.000,0.00,0.00,1.010,0.945,0.898,1.082,0.955,1.170,1.433,0.587,1.330,12,01111111111101,0.978,10.0,-1,-1,-1,-1,0,deterministic,1,269838,8,1,80,heldout,15.136,29.300,46.411,0.5390,0.3217,136.58,143.1
DONE
