episode,seed,success,endReason,steps,transitionStep,stepsToLift,holdSteps,holdNeeded,pulses,maxPulseN,contacts,distinctFingers,thumb,palm,forearm,mass,perturbScale,mu,maxPenMm,gripTorqueMean,retShaping,retPhase,retHold,retBonus,retDrop,lenMean,lenIndex,lenMiddle,lenRing,lenPinky,lenThumb,kFingerMean,zetaMean,inertiaScaleMean,activeGroups,mask,handSpanRatio,dtMs,pulseStep1,pulseStep2,pulseStep3,lastPulseStep,pulseActiveAtDrop,head_mode,maxStepTimeout,academyStepAtBegin,phaseAtBegin,warmupSteps,objIndex,objSplit,objA1mm,objA2mm,objA3mm,objE1,objE2,objVolCm3,preResetTiltDeg,poseMode,poseIndex,spawnYaw,spawnTiltDeg,spawnCarryover
1,9301,0,maxStep,5000,-1,-1,0,500,0,0.00,0,0,0,1,0,0.346,1.00,1.00,1.85,0.000,0.6294,0.00,0.000,0.00,0.00,1.059,1.121,0.952,1.111,1.102,1.011,1.119,0.620,1.369,11,11111101111001,1.048,10.0,-1,-1,-1,-1,0,deterministic,1,1,1,1,1,train,31.047,24.760,72.552,1.3361,1.4398,156.28,90.0,1,2,233.9,83.5,0
2,9302,0,maxStep,5000,-1,-1,0,500,0,0.00,0,0,0,1,0,0.977,1.00,1.00,1.48,0.001,0.4710,0.00,0.000,0.00,0.00,1.059,1.121,0.952,1.111,1.102,1.011,1.119,0.620,1.369,11,11111101111001,1.048,10.0,-1,-1,-1,-1,0,deterministic,1,5001,1,1,2,train,21.884,35.004,81.221,0.6189,0.3948,391.09,83.5,1,1,184.5,88.7,0
3,9303,0,maxStep,5000,-1,-1,0,500,0,0.00,0,0,0,0,0,0.464,1.00,1.00,2.17,0.000,0.3533,0.00,0.000,0.00,0.00,1.059,1.121,0.952,1.111,1.102,1.011,1.119,0.620,1.369,11,11111101111001,1.048,10.0,-1,-1,-1,-1,0,deterministic,1,10001,1,1,3,train,21.589,16.906,40.357,0.6075,0.9338,78.84,88.7,1,0,306.8,88.0,0
4,9304,0,maxStep,5000,-1,-1,0,500,0,0.00,0,0,0,0,0,0.444,1.00,1.00,2.95,0.093,0.3650,0.00,0.000,0.00,0.00,1.059,1.121,0.952,1.111,1.102,1.011,1.119,0.620,1.369,11,11111101111001,1.048,10.0,-1,-1,-1,-1,0,deterministic,1,15001,1,1,4,train,21.351,37.407,95.772,1.4575,0.7977,255.52,88.0,1,2,108.4,84.4,0
5,9305,0,maxStep,5000,-1,-1,0,500,0,0.00,0,0,0,1,0,0.369,1.00,1.00,0.00,0.000,0.4087,0.00,0.000,0.00,0.00,1.059,1.121,0.952,1.111,1.102,1.011,1.119,0.620,1.369,11,11111101111001,1.048,10.0,-1,-1,-1,-1,0,deterministic,1,20001,1,1,5,train,16.135,20.049,68.997,0.3575,1.2818,115.81,84.4,1,2,298.4,90.0,0
6,9306,1,success,597,84,98,500,500,3,4.64,4,3,1,1,0,0.460,1.00,1.00,2.47,0.670,0.8929,0.10,0.200,1.00,0.00,1.059,1.121,0.952,1.111,1.102,1.011,1.119,0.620,1.369,11,11111101111001,1.048,10.0,284,483,469,483,0,deterministic,0,25001,1,1,6,train,32.805,30.304,89.156,0.3976,0.4904,601.39,90.0,1,2,195.6,7.9,0
7,9307,0,maxStep,5000,-1,-1,0,500,0,0.00,4,2,0,1,0,1.072,1.00,1.00,4.51,0.381,0.6565,0.00,0.000,0.00,0.00,1.059,1.121,0.952,1.111,1.102,1.011,1.119,0.620,1.369,11,11111101111001,1.048,10.0,-1,-1,-1,-1,0,deterministic,1,25598,8,1,7,train,34.473,27.537,42.634,0.5100,0.5809,255.36,29.9,1,0,280.0,92.9,0
8,9308,0,maxStep,5000,-1,-1,0,500,0,0.00,4,2,0,1,0,1.433,1.00,1.00,3.37,0.110,0.6606,0.00,0.000,0.00,0.00,1.059,1.121,0.952,1.111,1.102,1.011,1.119,0.620,1.369,11,11111101111001,1.048,10.0,-1,-1,-1,-1,0,deterministic,1,30598,8,1,8,train,36.195,29.393,124.703,1.2264,1.3208,421.57,92.9,1,2,138.0,93.7,0
9,9309,0,maxStep,5000,-1,-1,0,500,0,0.00,0,0,0,1,0,0.407,1.00,1.00,0.31,0.000,0.6996,0.00,0.000,0.00,0.00,1.059,1.121,0.952,1.111,1.102,1.011,1.119,0.620,1.369,11,11111101111001,1.048,10.0,-1,-1,-1,-1,0,deterministic,1,35598,8,1,9,train,25.811,17.362,63.504,1.2444,0.5251,119.56,93.7,1,2,146.1,96.7,0
10,9310,0,maxStep,5000,-1,-1,0,500,0,0.00,0,0,0,1,0,0.251,1.00,1.00,2.19,0.007,0.6351,0.00,0.000,0.00,0.00,1.059,1.121,0.952,1.111,1.102,1.011,1.119,0.620,1.369,11,11111101111001,1.048,10.0,-1,-1,-1,-1,0,deterministic,1,40598,8,1,10,train,32.778,33.363,58.086,1.2889,0.7902,238.64,96.7,1,3,295.1,101.3,0
11,9311,0,maxStep,5000,-1,-1,0,500,0,0.00,0,0,0,1,0,1.123,1.00,1.00,9.67,0.032,0.6571,0.00,0.000,0.00,0.00,1.059,1.121,0.952,1.111,1.102,1.011,1.119,0.620,1.369,11,11111101111001,1.048,10.0,-1,-1,-1,-1,0,deterministic,1,45598,8,1,11,train,23.861,18.552,94.832,1.2285,0.9398,155.55,101.3,1,2,310.5,93.3,0
12,9312,0,maxStep,5000,-1,-1,0,500,0,0.00,1,0,1,1,0,0.361,1.00,1.00,8.61,0.091,0.8385,0.00,0.000,0.00,0.00,1.059,1.121,0.952,1.111,1.102,1.011,1.119,0.620,1.369,11,11111101111001,1.048,10.0,-1,-1,-1,-1,0,deterministic,1,50598,8,1,12,train,36.336,25.060,127.482,1.4676,0.3418,438.00,93.3,1,1,238.9,82.7,0
13,9313,0,maxStep,5000,-1,-1,0,500,0,0.00,0,0,0,1,0,0.212,1.00,1.00,5.17,0.033,0.6314,0.00,0.000,0.00,0.00,1.059,1.121,0.952,1.111,1.102,1.011,1.119,0.620,1.369,11,11111101111001,1.048,10.0,-1,-1,-1,-1,0,deterministic,1,55598,8,1,13,train,33.329,18.812,79.008,0.3524,1.4270,241.61,82.7,1,1,328.8,90.0,0
14,9314,0,maxStep,5000,-1,-1,0,500,0,0.00,0,0,0,1,0,0.276,1.00,1.00,2.86,0.004,0.6451,0.00,0.000,0.00,0.00,1.059,1.121,0.952,1.111,1.102,1.011,1.119,0.620,1.369,11,11111101111001,1.048,10.0,-1,-1,-1,-1,0,deterministic,1,60598,8,1,14,train,38.842,19.159,45.103,0.7722,0.7428,176.27,90.0,1,1,262.4,87.0,0
15,9315,0,maxStep,5000,-1,-1,0,500,0,0.00,0,0,0,1,0,0.321,1.00,1.00,0.00,0.000,0.1715,0.00,0.000,0.00,0.00,1.059,1.121,0.952,1.111,1.102,1.011,1.119,0.620,1.369,11,11111101111001,1.048,10.0,-1,-1,-1,-1,0,deterministic,1,65598,8,1,15,train,26.487,23.966,98.091,1.1515,0.5858,273.25,87.0,1,1,298.0,86.0,0
16,9316,0,maxStep,5000,-1,-1,0,500,0,0.00,0,0,0,1,0,1.344,1.00,1.00,0.93,0.001,0.7237,0.00,0.000,0.00,0.00,1.059,1.121,0.952,1.111,1.102,1.011,1.119,0.620,1.369,11,11111101111001,1.048,10.0,-1,-1,-1,-1,0,deterministic,1,70598,8,1,16,train,35.450,30.559,130.626,1.3876,1.3520,398.10,86.0,1,1,209.0,94.8,0
17,9317,0,drop,100,80,-1,0,500,0,0.00,0,0,0,0,0,0.227,1.00,1.00,4.63,0.108,0.6389,0.10,0.000,0.00,-0.20,1.059,1.121,0.952,1.111,1.102,1.011,1.119,0.620,1.369,11,11111101111001,1.048,10.0,-1,-1,-1,-1,0,deterministic,0,75598,8,1,17,train,23.932,19.614,113.470,1.0626,0.3633,261.73,94.8,1,2,331.3,87.1,0
18,9318,0,maxStep,5000,-1,-1,0,500,0,0.00,0,0,0,1,0,0.711,1.00,1.00,11.31,0.003,0.6368,0.00,0.000,0.00,0.00,1.059,1.121,0.952,1.111,1.102,1.011,1.119,0.620,1.369,11,11111101111001,1.048,10.0,-1,-1,-1,-1,0,deterministic,1,75698,8,1,18,train,33.181,27.881,44.117,1.0488,1.0641,161.76,92.0,1,1,111.9,97.7,0
19,9319,0,maxStep,5000,-1,-1,0,500,0,0.00,4,3,0,1,0,0.670,1.00,1.00,3.42,2.275,0.7820,0.00,0.000,0.00,0.00,1.059,1.121,0.952,1.111,1.102,1.011,1.119,0.620,1.369,11,11111101111001,1.048,10.0,-1,-1,-1,-1,0,deterministic,1,80698,8,1,19,train,35.580,32.692,60.657,0.4504,0.4169,477.13,97.7,1,0,111.0,91.8,0
20,9320,0,maxStep,5000,-1,-1,0,500,0,0.00,0,0,0,0,0,0.280,1.00,1.00,2.33,0.003,0.6272,0.00,0.000,0.00,0.00,1.059,1.121,0.952,1.111,1.102,1.011,1.119,0.620,1.369,11,11111101111001,1.048,10.0,-1,-1,-1,-1,0,deterministic,1,85698,8,1,20,train,35.347,15.014,133.602,0.5210,0.9882,387.45,91.8,1,2,208.6,90.0,0
21,9321,0,maxStep,5000,-1,-1,0,500,0,0.00,1,1,0,1,0,1.255,1.00,1.00,2.57,0.037,0.7659,0.00,0.000,0.00,0.00,1.059,1.121,0.952,1.111,1.102,1.011,1.119,0.620,1.369,11,11111101111001,1.048,10.0,-1,-1,-1,-1,0,deterministic,1,90698,8,1,21,train,23.225,29.619,71.777,0.4654,0.6382,312.38,90.0,1,0,267.9,91.0,0
22,9322,0,maxStep,5000,-1,-1,0,500,0,0.00,1,1,0,0,0,0.644,1.00,1.00,6.94,0.008,0.6014,0.00,0.000,0.00,0.00,1.059,1.121,0.952,1.111,1.102,1.011,1.119,0.620,1.369,11,11111101111001,1.048,10.0,-1,-1,-1,-1,0,deterministic,1,95698,8,1,22,train,36.168,23.019,62.535,1.0766,1.3876,176.95,91.0,1,0,191.6,85.3,0
23,9323,0,drop,852,835,-1,0,500,0,0.00,5,2,1,1,0,0.375,1.00,1.00,3.65,0.324,0.7612,0.10,0.000,0.00,-0.20,1.059,1.121,0.952,1.111,1.102,1.011,1.119,0.620,1.369,11,11111101111001,1.048,10.0,-1,-1,-1,-1,0,deterministic,0,100698,8,1,23,train,27.519,29.948,55.904,0.3788,0.6950,296.62,85.3,1,2,127.7,5.8,0
24,9324,0,maxStep,5000,-1,-1,0,500,0,0.00,2,1,0,1,0,1.131,1.00,1.00,9.27,0.123,0.7127,0.00,0.000,0.00,0.00,1.059,1.121,0.952,1.111,1.102,1.011,1.119,0.620,1.369,11,11111101111001,1.048,10.0,-1,-1,-1,-1,0,deterministic,1,101550,0,1,24,train,35.694,22.659,53.156,0.4276,1.2096,223.81,64.9,1,4,82.2,90.2,0
25,9325,0,maxStep,5000,-1,-1,0,500,0,0.00,1,1,0,0,0,0.730,1.00,1.00,5.91,0.019,0.6432,0.00,0.000,0.00,0.00,1.059,1.121,0.952,1.111,1.102,1.011,1.119,0.620,1.369,11,11111101111001,1.048,10.0,-1,-1,-1,-1,0,deterministic,1,106550,0,1,25,train,19.166,36.166,72.466,0.4493,0.8716,295.89,90.2,1,1,347.4,90.8,0
26,9326,0,maxStep,5000,-1,-1,0,500,0,0.00,0,0,0,1,0,0.385,1.00,1.00,3.12,0.033,0.7337,0.00,0.000,0.00,0.00,1.059,1.121,0.952,1.111,1.102,1.011,1.119,0.620,1.369,11,11111101111001,1.048,10.0,-1,-1,-1,-1,0,deterministic,1,111550,0,1,26,train,18.676,29.813,80.949,0.8438,1.0622,202.20,90.8,1,1,150.2,91.9,0
27,9327,0,maxStep,5000,-1,-1,0,500,0,0.00,0,0,0,1,0,1.196,1.00,1.00,2.38,0.000,0.7100,0.00,0.000,0.00,0.00,1.059,1.121,0.952,1.111,1.102,1.011,1.119,0.620,1.369,11,11111101111001,1.048,10.0,-1,-1,-1,-1,0,deterministic,1,116550,0,1,27,train,23.921,20.206,41.417,1.1233,0.7659,84.51,91.9,1,1,255.0,81.9,0
28,9328,0,maxStep,5000,-1,-1,0,500,0,0.00,0,0,0,1,0,1.257,1.00,1.00,7.63,0.027,0.7279,0.00,0.000,0.00,0.00,1.059,1.121,0.952,1.111,1.102,1.011,1.119,0.620,1.369,11,11111101111001,1.048,10.0,-1,-1,-1,-1,0,deterministic,1,121550,0,1,28,train,18.031,31.155,99.055,0.5760,1.1803,274.35,81.9,1,2,86.2,89.2,0
29,9329,0,maxStep,5000,-1,-1,0,500,0,0.00,2,2,0,1,0,0.221,1.00,1.00,4.97,0.052,0.8424,0.00,0.000,0.00,0.00,1.059,1.121,0.952,1.111,1.102,1.011,1.119,0.620,1.369,11,11111101111001,1.048,10.0,-1,-1,-1,-1,0,deterministic,1,126550,0,1,29,train,26.732,38.528,61.905,1.2360,0.4652,273.62,89.2,1,4,186.3,100.7,0
30,9330,0,maxStep,5000,-1,-1,0,500,0,0.00,1,1,0,0,0,0.243,1.00,1.00,1.89,0.626,0.7255,0.00,0.000,0.00,0.00,1.059,1.121,0.952,1.111,1.102,1.011,1.119,0.620,1.369,11,11111101111001,1.048,10.0,-1,-1,-1,-1,0,deterministic,1,131550,0,1,30,train,28.614,32.208,59.668,1.3037,1.1835,175.98,100.7,1,5,267.5,99.0,0
31,9331,0,maxStep,5000,-1,-1,0,500,0,0.00,2,1,1,0,1,1.008,1.00,1.00,6.47,0.040,0.8305,0.00,0.000,0.00,0.00,1.059,1.121,0.952,1.111,1.102,1.011,1.119,0.620,1.369,11,11111101111001,1.048,10.0,-1,-1,-1,-1,0,deterministic,1,136550,0,1,31,train,23.708,34.277,138.006,1.2129,0.3524,501.56,99.0,1,2,252.9,94.1,0
32,9332,0,maxStep,5000,-1,-1,0,500,0,0.00,1,1,0,1,0,0.517,1.00,1.00,2.50,0.096,0.5633,0.00,0.000,0.00,0.00,1.059,1.121,0.952,1.111,1.102,1.011,1.119,0.620,1.369,11,11111101111001,1.048,10.0,-1,-1,-1,-1,0,deterministic,1,141550,0,1,32,train,36.593,32.602,99.170,0.5878,1.1544,586.26,94.1,1,0,75.4,91.5,0
33,9333,0,maxStep,5000,-1,-1,0,500,0,0.00,1,1,0,1,0,0.717,1.00,1.00,2.26,0.011,0.5578,0.00,0.000,0.00,0.00,1.059,1.121,0.952,1.111,1.102,1.011,1.119,0.620,1.369,11,11111101111001,1.048,10.0,-1,-1,-1,-1,0,deterministic,1,146550,0,1,33,train,32.918,18.795,134.192,1.0211,1.0245,340.03,91.5,1,0,93.1,88.4,0
34,9334,0,maxStep,5000,-1,-1,0,500,0,0.00,0,0,0,1,0,0.663,1.00,1.00,1.33,0.001,0.6240,0.00,0.000,0.00,0.00,1.059,1.121,0.952,1.111,1.102,1.011,1.119,0.620,1.369,11,11111101111001,1.048,10.0,-1,-1,-1,-1,0,deterministic,1,151550,0,1,34,train,27.249,19.574,113.013,1.1747,0.9965,226.41,88.4,1,0,270.4,92.7,0
35,9335,0,maxStep,5000,-1,-1,0,500,0,0.00,2,2,0,1,0,0.221,1.00,1.00,2.64,0.179,0.7893,0.00,0.000,0.00,0.00,1.059,1.121,0.952,1.111,1.102,1.011,1.119,0.620,1.369,11,11111101111001,1.048,10.0,-1,-1,-1,-1,0,deterministic,1,156550,0,1,35,train,21.937,16.207,80.050,1.0230,1.2294,107.10,92.7,1,2,49.1,87.6,0
36,9336,0,maxStep,5000,-1,-1,0,500,0,0.00,0,0,0,0,0,1.275,1.00,1.00,1.64,0.031,0.3295,0.00,0.000,0.00,0.00,1.059,1.121,0.952,1.111,1.102,1.011,1.119,0.620,1.369,11,11111101111001,1.048,10.0,-1,-1,-1,-1,0,deterministic,1,161550,0,1,36,train,22.755,21.216,106.303,0.8811,0.5510,268.72,87.6,1,1,85.7,88.1,0
37,9337,0,maxStep,5000,-1,-1,0,500,0,0.00,0,0,0,0,0,0.388,1.00,1.00,5.70,0.034,-0.7068,0.00,0.000,0.00,0.00,1.059,1.121,0.952,1.111,1.102,1.011,1.119,0.620,1.369,11,11111101111001,1.048,10.0,-1,-1,-1,-1,0,deterministic,1,166550,0,1,37,train,19.176,32.609,103.024,0.6003,1.1178,322.06,88.1,1,1,44.3,89.2,0
38,9338,0,maxStep,5000,-1,-1,0,500,0,0.00,3,2,0,1,0,0.917,1.00,1.00,3.53,0.152,0.7613,0.00,0.000,0.00,0.00,1.059,1.121,0.952,1.111,1.102,1.011,1.119,0.620,1.369,11,11111101111001,1.048,10.0,-1,-1,-1,-1,0,deterministic,1,171550,0,1,38,train,26.802,37.906,83.099,0.9259,1.2583,332.92,89.2,1,1,316.8,86.9,0
39,9339,0,maxStep,5000,-1,-1,0,500,0,0.00,0,0,0,1,0,0.353,1.00,1.00,1.94,0.002,0.6878,0.00,0.000,0.00,0.00,1.059,1.121,0.952,1.111,1.102,1.011,1.119,0.620,1.369,11,11111101111001,1.048,10.0,-1,-1,-1,-1,0,deterministic,1,176550,0,1,39,train,16.252,38.065,124.852,0.5418,0.6966,463.56,86.9,1,0,132.7,89.5,0
40,9340,0,maxStep,5000,-1,-1,0,500,0,0.00,1,1,0,1,0,0.681,1.00,1.00,6.92,0.020,0.8137,0.00,0.000,0.00,0.00,1.059,1.121,0.952,1.111,1.102,1.011,1.119,0.620,1.369,11,11111101111001,1.048,10.0,-1,-1,-1,-1,0,deterministic,1,181550,0,1,40,train,21.733,35.538,105.031,0.8821,1.2282,332.52,89.5,1,0,86.7,88.2,0
41,9341,0,maxStep,5000,-1,-1,0,500,0,0.00,4,4,0,0,0,1.178,1.00,1.00,4.49,4.466,0.8256,0.00,0.000,0.00,0.00,1.059,1.121,0.952,1.111,1.102,1.011,1.119,0.620,1.369,11,11111101111001,1.048,10.0,-1,-1,-1,-1,0,deterministic,1,186550,0,1,41,train,17.947,34.951,90.211,1.0314,0.5373,271.64,88.2,1,4,21.1,94.6,0
42,9342,0,maxStep,5000,-1,-1,0,500,0,0.00,0,0,0,1,0,0.926,1.00,1.00,0.48,0.001,0.5770,0.00,0.000,0.00,0.00,1.059,1.121,0.952,1.111,1.102,1.011,1.119,0.620,1.369,11,11111101111001,1.048,10.0,-1,-1,-1,-1,0,deterministic,1,191550,0,1,42,train,37.019,20.801,71.726,0.3381,1.3620,278.72,94.6,1,0,73.0,90.0,0
43,9343,0,maxStep,5000,-1,-1,0,500,0,0.00,0,0,0,0,0,0.678,1.00,1.00,5.07,0.015,0.2657,0.00,0.000,0.00,0.00,1.059,1.121,0.952,1.111,1.102,1.011,1.119,0.620,1.369,11,11111101111001,1.048,10.0,-1,-1,-1,-1,0,deterministic,1,196550,0,1,43,train,35.582,23.328,103.205,1.0902,1.1934,313.82,90.0,1,0,160.2,93.0,0
44,9344,0,maxStep,5000,-1,-1,0,500,0,0.00,1,0,1,1,0,0.290,1.00,1.00,3.33,0.055,0.8363,0.00,0.000,0.00,0.00,1.059,1.121,0.952,1.111,1.102,1.011,1.119,0.620,1.369,11,11111101111001,1.048,10.0,-1,-1,-1,-1,0,deterministic,1,201550,0,1,44,train,37.133,39.459,41.001,1.0527,1.0087,242.75,93.0,1,0,279.2,101.1,0
45,9345,0,maxStep,5000,-1,-1,0,500,0,0.00,0,0,0,1,0,0.273,1.00,1.00,4.28,0.002,0.7441,0.00,0.000,0.00,0.00,1.059,1.121,0.952,1.111,1.102,1.011,1.119,0.620,1.369,11,11111101111001,1.048,10.0,-1,-1,-1,-1,0,deterministic,1,206550,0,1,45,train,36.688,20.369,51.484,0.3996,1.4932,178.89,101.1,1,1,85.4,90.0,0
46,9346,0,maxStep,5000,-1,-1,0,500,0,0.00,1,1,0,1,0,0.238,1.00,1.00,1.71,0.002,0.7629,0.00,0.000,0.00,0.00,1.059,1.121,0.952,1.111,1.102,1.011,1.119,0.620,1.369,11,11111101111001,1.048,10.0,-1,-1,-1,-1,0,deterministic,1,211550,0,1,46,train,36.661,37.536,67.824,1.1346,0.5871,413.91,90.0,1,0,18.0,97.8,0
47,9347,0,maxStep,5000,-1,-1,0,500,0,0.00,2,1,0,1,0,1.265,1.00,1.00,4.02,0.194,0.7452,0.00,0.000,0.00,0.00,1.059,1.121,0.952,1.111,1.102,1.011,1.119,0.620,1.369,11,11111101111001,1.048,10.0,-1,-1,-1,-1,0,deterministic,1,216550,0,1,47,train,25.191,23.331,58.754,0.5838,0.5205,214.05,97.8,1,1,152.9,88.1,0
48,9348,0,maxStep,5000,-1,-1,0,500,0,0.00,1,1,0,1,0,0.404,1.00,1.00,4.06,0.064,0.6997,0.00,0.000,0.00,0.00,1.059,1.121,0.952,1.111,1.102,1.011,1.119,0.620,1.369,11,11111101111001,1.048,10.0,-1,-1,-1,-1,0,deterministic,1,221550,0,1,48,train,38.233,22.872,51.378,0.7034,0.6337,253.63,88.1,1,3,44.1,92.7,0
49,9349,0,maxStep,5000,-1,-1,0,500,0,0.00,1,1,0,1,0,1.303,1.00,1.00,4.32,0.041,0.7790,0.00,0.000,0.00,0.00,1.059,1.121,0.952,1.111,1.102,1.011,1.119,0.620,1.369,11,11111101111001,1.048,10.0,-1,-1,-1,-1,0,deterministic,1,226550,0,1,49,train,29.393,36.823,102.894,0.6351,1.3283,500.71,92.7,1,0,104.7,91.4,0
50,9350,0,maxStep,5000,-1,-1,0,500,0,0.00,5,2,0,0,0,1.377,1.00,1.00,4.86,3.836,0.7752,0.00,0.000,0.00,0.00,1.059,1.121,0.952,1.111,1.102,1.011,1.119,0.620,1.369,11,11111101111001,1.048,10.0,-1,-1,-1,-1,0,deterministic,1,231550,0,1,50,train,31.868,29.878,95.063,0.5117,0.6830,553.22,91.4,1,4,3.6,88.8,0
51,9351,0,maxStep,5000,-1,-1,0,500,0,0.00,0,0,0,1,0,0.200,1.00,1.00,2.21,0.004,0.7210,0.00,0.000,0.00,0.00,1.059,1.121,0.952,1.111,1.102,1.011,1.119,0.620,1.369,11,11111101111001,1.048,10.0,-1,-1,-1,-1,0,deterministic,1,236550,0,1,51,train,24.281,21.016,73.804,0.5932,0.7756,214.84,88.8,1,2,21.5,88.7,0
52,9352,0,maxStep,5000,-1,-1,0,500,0,0.00,2,2,0,1,0,0.577,1.00,1.00,2.37,0.284,0.8068,0.00,0.000,0.00,0.00,1.059,1.121,0.952,1.111,1.102,1.011,1.119,0.620,1.369,11,11111101111001,1.048,10.0,-1,-1,-1,-1,0,deterministic,1,241550,0,1,52,train,25.171,22.050,49.728,0.4464,0.7559,169.50,88.7,1,1,308.0,91.5,0
53,9353,0,maxStep,5000,-1,-1,0,500,0,0.00,4,4,0,0,0,0.270,1.00,1.00,5.23,2.909,0.7934,0.00,0.000,0.00,0.00,1.059,1.121,0.952,1.111,1.102,1.011,1.119,0.620,1.369,11,11111101111001,1.048,10.0,-1,-1,-1,-1,0,deterministic,1,246550,0,1,53,train,37.316,38.790,99.719,1.3407,1.1551,455.86,91.5,1,0,17.0,97.7,0
54,9354,0,maxStep,5000,-1,-1,0,500,0,0.00,0,0,0,0,0,0.209,1.00,1.00,3.84,0.001,0.1801,0.00,0.000,0.00,0.00,1.059,1.121,0.952,1.111,1.102,1.011,1.119,0.620,1.369,11,11111101111001,1.048,10.0,-1,-1,-1,-1,0,deterministic,1,251550,0,1,54,train,21.022,34.378,55.628,0.6451,0.8694,216.21,97.7,1,2,15.5,88.0,0
55,9355,0,maxStep,5000,-1,-1,0,500,0,0.00,0,0,0,0,0,0.441,1.00,1.00,5.58,0.001,-2.7940,0.00,0.000,0.00,0.00,1.059,1.121,0.952,1.111,1.102,1.011,1.119,0.620,1.369,11,11111101111001,1.048,10.0,-1,-1,-1,-1,0,deterministic,1,256550,0,1,55,train,24.427,37.652,44.884,1.2900,0.9209,147.88,88.0,1,1,305.1,79.8,0
56,9356,0,maxStep,5000,-1,-1,0,500,0,0.00,0,0,0,1,0,0.258,1.00,1.00,2.27,0.002,0.6129,0.00,0.000,0.00,0.00,1.059,1.121,0.952,1.111,1.102,1.011,1.119,0.620,1.369,11,11111101111001,1.048,10.0,-1,-1,-1,-1,0,deterministic,1,261550,0,1,56,train,31.905,18.072,89.018,1.1373,0.8966,205.06,79.8,1,0,306.9,93.0,0
57,9357,0,maxStep,5000,-1,-1,0,500,0,0.00,0,0,0,0,0,0.367,1.00,1.00,3.96,0.002,0.6695,0.00,0.000,0.00,0.00,1.059,1.121,0.952,1.111,1.102,1.011,1.119,0.620,1.369,11,11111101111001,1.048,10.0,-1,-1,-1,-1,0,deterministic,1,266550,0,1,57,train,36.067,16.908,109.748,0.5559,0.4126,432.06,93.0,1,3,202.5,90.2,0
58,9358,0,maxStep,5000,-1,-1,0,500,0,0.00,0,0,0,1,0,0.362,1.00,1.00,1.91,0.007,0.5634,0.00,0.000,0.00,0.00,1.059,1.121,0.952,1.111,1.102,1.011,1.119,0.620,1.369,11,11111101111001,1.048,10.0,-1,-1,-1,-1,0,deterministic,1,271550,0,1,58,train,26.358,37.334,123.432,0.5956,1.3056,562.47,90.2,1,0,349.5,91.0,0
59,9359,0,maxStep,5000,-1,-1,0,500,0,0.00,1,1,0,1,0,0.920,1.00,1.00,3.45,0.000,0.6104,0.00,0.000,0.00,0.00,1.059,1.121,0.952,1.111,1.102,1.011,1.119,0.620,1.369,11,11111101111001,1.048,10.0,-1,-1,-1,-1,0,deterministic,1,276550,0,1,59,train,17.775,28.076,70.747,0.3587,0.3391,251.86,91.0,1,0,17.4,90.0,0
60,9360,0,maxStep,5000,-1,-1,0,500,0,0.00,2,1,0,1,0,1.311,1.00,1.00,4.72,0.113,0.8108,0.00,0.000,0.00,0.00,1.059,1.121,0.952,1.111,1.102,1.011,1.119,0.620,1.369,11,11111101111001,1.048,10.0,-1,-1,-1,-1,0,deterministic,1,281550,0,1,60,train,22.274,17.150,78.467,0.6541,1.4488,126.53,90.0,1,0,254.5,91.1,0
61,9361,0,maxStep,5000,-1,-1,0,500,0,0.00,1,1,0,1,0,0.962,1.00,1.00,2.54,0.042,0.7022,0.00,0.000,0.00,0.00,1.059,1.121,0.952,1.111,1.102,1.011,1.119,0.620,1.369,11,11111101111001,1.048,10.0,-1,-1,-1,-1,0,deterministic,1,286550,0,1,61,train,31.443,29.526,57.106,1.2970,0.7276,202.31,91.1,1,1,287.5,79.5,0
62,9362,0,maxStep,5000,-1,-1,0,500,0,0.00,2,1,0,1,0,0.487,1.00,1.00,2.58,0.004,0.6848,0.00,0.000,0.00,0.00,1.059,1.121,0.952,1.111,1.102,1.011,1.119,0.620,1.369,11,11111101111001,1.048,10.0,-1,-1,-1,-1,0,deterministic,1,291550,0,1,62,train,17.224,38.561,130.952,1.0375,1.2320,324.05,79.5,1,3,291.8,88.4,0
63,9363,0,maxStep,5000,-1,-1,0,500,0,0.00,0,0,0,1,0,0.716,1.00,1.00,1.36,0.000,0.5786,0.00,0.000,0.00,0.00,1.059,1.121,0.952,1.111,1.102,1.011,1.119,0.620,1.369,11,11111101111001,1.048,10.0,-1,-1,-1,-1,0,deterministic,1,296550,0,1,63,train,16.722,37.612,95.329,0.8951,0.9942,268.11,88.4,1,0,96.8,88.4,0
64,9364,0,maxStep,5000,-1,-1,0,500,0,0.00,0,0,0,1,0,0.318,1.00,1.00,2.64,0.006,0.6597,0.00,0.000,0.00,0.00,1.059,1.121,0.952,1.111,1.102,1.011,1.119,0.620,1.369,11,11111101111001,1.048,10.0,-1,-1,-1,-1,0,deterministic,1,301550,0,1,64,train,16.703,38.887,125.672,1.3407,0.7330,301.92,88.4,1,1,241.6,87.2,0
65,9365,0,maxStep,5000,-1,-1,0,500,0,0.00,0,0,0,0,0,0.568,1.00,1.00,1.91,0.000,-0.7594,0.00,0.000,0.00,0.00,1.059,1.121,0.952,1.111,1.102,1.011,1.119,0.620,1.369,11,11111101111001,1.048,10.0,-1,-1,-1,-1,0,deterministic,1,306550,0,1,65,heldout,36.285,22.490,135.805,0.6911,0.4659,659.95,87.2,1,3,102.4,89.0,0
66,9366,0,maxStep,5000,-1,-1,0,500,0,0.00,1,1,0,1,0,0.605,1.00,1.00,1.69,0.112,0.7212,0.00,0.000,0.00,0.00,1.059,1.121,0.952,1.111,1.102,1.011,1.119,0.620,1.369,11,11111101111001,1.048,10.0,-1,-1,-1,-1,0,deterministic,1,311550,0,1,66,heldout,22.123,28.541,87.735,1.0502,0.6395,255.13,89.0,1,0,123.8,93.1,0
67,9367,0,maxStep,5000,-1,-1,0,500,0,0.00,0,0,0,1,0,0.463,1.00,1.00,3.29,0.003,0.6050,0.00,0.000,0.00,0.00,1.059,1.121,0.952,1.111,1.102,1.011,1.119,0.620,1.369,11,11111101111001,1.048,10.0,-1,-1,-1,-1,0,deterministic,1,316550,0,1,67,heldout,34.097,24.391,55.643,1.4550,0.5553,167.17,93.1,1,3,174.8,100.9,0
68,9368,0,maxStep,5000,-1,-1,0,500,0,0.00,0,0,0,1,0,0.733,1.00,1.00,3.09,0.157,0.7160,0.00,0.000,0.00,0.00,1.059,1.121,0.952,1.111,1.102,1.011,1.119,0.620,1.369,11,11111101111001,1.048,10.0,-1,-1,-1,-1,0,deterministic,1,321550,0,1,68,heldout,32.937,29.344,67.175,1.4965,1.3282,171.19,100.9,1,0,108.9,79.2,0
69,9369,0,maxStep,5000,-1,-1,0,500,0,0.00,0,0,0,0,0,1.300,1.00,1.00,3.44,0.000,0.5017,0.00,0.000,0.00,0.00,1.059,1.121,0.952,1.111,1.102,1.011,1.119,0.620,1.369,11,11111101111001,1.048,10.0,-1,-1,-1,-1,0,deterministic,1,326550,0,1,69,heldout,17.670,29.300,60.442,1.1057,1.0145,122.01,79.2,1,1,328.1,86.0,0
70,9370,0,maxStep,5000,-1,-1,0,500,0,0.00,2,1,0,1,0,0.845,1.00,1.00,2.02,0.628,0.6689,0.00,0.000,0.00,0.00,1.059,1.121,0.952,1.111,1.102,1.011,1.119,0.620,1.369,11,11111101111001,1.048,10.0,-1,-1,-1,-1,0,deterministic,1,331550,0,1,70,heldout,20.847,27.632,93.104,0.7034,1.2965,235.96,86.0,1,4,237.2,90.8,0
71,9371,0,maxStep,5000,-1,-1,0,500,0,0.00,2,1,0,1,0,0.462,1.00,1.00,3.20,0.232,0.7745,0.00,0.000,0.00,0.00,1.059,1.121,0.952,1.111,1.102,1.011,1.119,0.620,1.369,11,11111101111001,1.048,10.0,-1,-1,-1,-1,0,deterministic,1,336550,0,1,71,heldout,33.416,15.405,67.889,1.4676,0.6504,121.67,90.8,1,1,183.9,98.1,0
72,9372,0,maxStep,5000,-1,-1,0,500,0,0.00,0,0,0,1,0,0.695,1.00,1.00,2.02,0.002,0.6784,0.00,0.000,0.00,0.00,1.059,1.121,0.952,1.111,1.102,1.011,1.119,0.620,1.369,11,11111101111001,1.048,10.0,-1,-1,-1,-1,0,deterministic,1,341550,0,1,72,heldout,18.750,31.784,49.287,1.4399,0.9348,94.54,98.1,1,0,171.9,99.2,0
73,9373,0,maxStep,5000,-1,-1,0,500,0,0.00,1,0,1,1,0,0.657,1.00,1.00,1.51,0.032,0.6257,0.00,0.000,0.00,0.00,1.059,1.121,0.952,1.111,1.102,1.011,1.119,0.620,1.369,11,11111101111001,1.048,10.0,-1,-1,-1,-1,0,deterministic,1,346550,0,1,73,heldout,27.610,35.436,46.010,0.5848,0.7762,257.79,99.2,1,2,359.8,8.0,0
74,9374,0,maxStep,5000,-1,-1,0,500,0,0.00,2,1,0,1,0,1.320,1.00,1.00,3.03,0.109,0.7837,0.00,0.000,0.00,0.00,1.059,1.121,0.952,1.111,1.102,1.011,1.119,0.620,1.369,11,11111101111001,1.048,10.0,-1,-1,-1,-1,0,deterministic,1,351550,0,1,74,heldout,32.755,21.747,66.984,0.7978,1.1496,212.08,8.0,1,2,44.7,92.4,0
75,9375,0,maxStep,5000,-1,-1,0,500,0,0.00,1,1,0,1,0,1.217,1.00,1.00,4.85,0.004,0.6185,0.00,0.000,0.00,0.00,1.059,1.121,0.952,1.111,1.102,1.011,1.119,0.620,1.369,11,11111101111001,1.048,10.0,-1,-1,-1,-1,0,deterministic,1,356550,0,1,75,heldout,35.907,18.739,69.591,0.9267,1.4107,172.70,92.4,1,0,106.1,92.6,0
76,9376,0,maxStep,5000,-1,-1,0,500,0,0.00,0,0,0,1,0,0.404,1.00,1.00,5.53,0.001,0.6682,0.00,0.000,0.00,0.00,1.059,1.121,0.952,1.111,1.102,1.011,1.119,0.620,1.369,11,11111101111001,1.048,10.0,-1,-1,-1,-1,0,deterministic,1,361550,0,1,76,heldout,28.744,21.170,74.564,1.1119,0.5839,204.34,92.6,1,0,349.9,95.3,0
77,9377,0,maxStep,5000,-1,-1,0,500,0,0.00,0,0,0,1,0,0.770,1.00,1.00,4.16,0.001,0.5683,0.00,0.000,0.00,0.00,1.059,1.121,0.952,1.111,1.102,1.011,1.119,0.620,1.369,11,11111101111001,1.048,10.0,-1,-1,-1,-1,0,deterministic,1,366550,0,1,77,heldout,35.253,33.136,75.749,0.5401,1.4955,386.77,95.3,1,1,50.6,89.7,0
78,9378,0,maxStep,5000,-1,-1,0,500,0,0.00,0,0,0,0,0,0.451,1.00,1.00,1.47,0.001,0.2450,0.00,0.000,0.00,0.00,1.059,1.121,0.952,1.111,1.102,1.011,1.119,0.620,1.369,11,11111101111001,1.048,10.0,-1,-1,-1,-1,0,deterministic,1,371550,0,1,78,heldout,37.525,18.592,133.585,0.5526,0.8267,532.62,89.7,1,0,295.7,89.4,0
79,9379,0,maxStep,5000,-1,-1,0,500,0,0.00,2,2,0,1,0,0.875,1.00,1.00,6.06,0.113,0.7813,0.00,0.000,0.00,0.00,1.059,1.121,0.952,1.111,1.102,1.011,1.119,0.620,1.369,11,11111101111001,1.048,10.0,-1,-1,-1,-1,0,deterministic,1,376550,0,1,79,heldout,33.936,15.393,101.253,1.0854,1.3937,178.28,89.4,1,1,229.2,91.3,0
80,9380,0,maxStep,5000,-1,-1,0,500,0,0.00,0,0,0,1,0,0.805,1.00,1.00,1.05,0.005,0.6660,0.00,0.000,0.00,0.00,1.059,1.121,0.952,1.111,1.102,1.011,1.119,0.620,1.369,11,11111101111001,1.048,10.0,-1,-1,-1,-1,0,deterministic,1,381550,0,1,80,heldout,15.136,29.300,46.411,0.5390,0.3217,136.58,91.3,1,3,184.1,92.5,0
81,9381,0,maxStep,5000,-1,-1,0,500,0,0.00,1,1,0,0,0,1.185,1.00,1.00,3.30,0.094,0.7085,0.00,0.000,0.00,0.00,1.059,1.121,0.952,1.111,1.102,1.011,1.119,0.620,1.369,11,11111101111001,1.048,10.0,-1,-1,-1,-1,0,deterministic,1,386550,0,1,1,train,31.047,24.760,72.552,1.3361,1.4398,156.28,92.5,1,1,25.4,83.5,0
82,9382,0,maxStep,5000,-1,-1,0,500,0,0.00,2,2,0,0,0,0.412,1.00,1.00,4.25,0.502,0.7724,0.00,0.000,0.00,0.00,1.059,1.121,0.952,1.111,1.102,1.011,1.119,0.620,1.369,11,11111101111001,1.048,10.0,-1,-1,-1,-1,0,deterministic,1,391550,0,1,2,train,21.884,35.004,81.221,0.6189,0.3948,391.09,83.5,1,3,29.1,92.1,0
83,9383,0,maxStep,5000,-1,-1,0,500,0,0.00,0,0,0,1,0,0.360,1.00,1.00,2.47,0.011,0.7093,0.00,0.000,0.00,0.00,1.059,1.121,0.952,1.111,1.102,1.011,1.119,0.620,1.369,11,11111101111001,1.048,10.0,-1,-1,-1,-1,0,deterministic,1,396550,0,1,3,train,21.589,16.906,40.357,0.6075,0.9338,78.84,92.1,1,2,56.3,92.0,0
84,9384,0,maxStep,5000,-1,-1,0,500,0,0.00,1,1,0,1,0,0.277,1.00,1.00,1.15,0.361,0.8108,0.00,0.000,0.00,0.00,1.059,1.121,0.952,1.111,1.102,1.011,1.119,0.620,1.369,11,11111101111001,1.048,10.0,-1,-1,-1,-1,0,deterministic,1,401550,0,1,4,train,21.351,37.407,95.772,1.4575,0.7977,255.52,92.0,1,1,114.6,84.4,0
85,9385,0,maxStep,5000,-1,-1,0,500,0,0.00,0,0,0,1,0,1.035,1.00,1.00,0.39,0.000,0.6801,0.00,0.000,0.00,0.00,1.059,1.121,0.952,1.111,1.102,1.011,1.119,0.620,1.369,11,11111101111001,1.048,10.0,-1,-1,-1,-1,0,deterministic,1,406550,0,1,5,train,16.135,20.049,68.997,0.3575,1.2818,115.81,84.4,1,1,120.7,90.0,0
86,9386,1,success,677,162,178,500,500,3,8.77,5,3,1,1,0,0.633,1.00,1.00,3.07,1.063,0.8240,0.10,0.200,1.00,0.00,1.059,1.121,0.952,1.111,1.102,1.011,1.119,0.620,1.369,11,11111101111001,1.048,10.0,196,223,313,313,0,deterministic,0,411550,0,1,6,train,32.805,30.304,89.156,0.3976,0.4904,601.39,90.0,1,2,220.3,7.9,0
87,9387,0,maxStep,5000,-1,-1,0,500,0,0.00,1,1,0,1,0,0.739,1.00,1.00,3.25,0.241,0.7068,0.00,0.000,0.00,0.00,1.059,1.121,0.952,1.111,1.102,1.011,1.119,0.620,1.369,11,11111101111001,1.048,10.0,-1,-1,-1,-1,0,deterministic,1,412227,7,1,7,train,34.473,27.537,42.634,0.5100,0.5809,255.36,25.3,1,1,211.9,87.0,0
88,9388,0,maxStep,5000,-1,-1,0,500,0,0.00,0,0,0,1,0,1.415,1.00,1.00,2.36,0.005,0.7303,0.00,0.000,0.00,0.00,1.059,1.121,0.952,1.111,1.102,1.011,1.119,0.620,1.369,11,11111101111001,1.048,10.0,-1,-1,-1,-1,0,deterministic,1,417227,7,1,8,train,36.195,29.393,124.703,1.2264,1.3208,421.57,87.0,1,1,84.3,93.6,0
89,9389,0,maxStep,5000,-1,-1,0,500,0,0.00,0,0,0,1,0,0.310,1.00,1.00,3.21,0.002,0.6712,0.00,0.000,0.00,0.00,1.059,1.121,0.952,1.111,1.102,1.011,1.119,0.620,1.369,11,11111101111001,1.048,10.0,-1,-1,-1,-1,0,deterministic,1,422227,7,1,9,train,25.811,17.362,63.504,1.2444,0.5251,119.56,93.6,1,2,122.6,96.7,0
90,9390,0,maxStep,5000,-1,-1,0,500,0,0.00,0,0,0,1,0,0.676,1.00,1.00,4.67,0.006,0.8190,0.00,0.000,0.00,0.00,1.059,1.121,0.952,1.111,1.102,1.011,1.119,0.620,1.369,11,11111101111001,1.048,10.0,-1,-1,-1,-1,0,deterministic,1,427227,7,1,10,train,32.778,33.363,58.086,1.2889,0.7902,238.64,96.7,1,4,102.2,79.2,0
91,9391,0,maxStep,5000,-1,-1,0,500,0,0.00,1,1,0,1,0,0.414,1.00,1.00,1.77,0.099,0.6667,0.00,0.000,0.00,0.00,1.059,1.121,0.952,1.111,1.102,1.011,1.119,0.620,1.369,11,11111101111001,1.048,10.0,-1,-1,-1,-1,0,deterministic,1,432227,7,1,11,train,23.861,18.552,94.832,1.2285,0.9398,155.55,79.2,1,2,35.2,93.3,0
92,9392,0,maxStep,5000,-1,-1,0,500,0,0.00,0,0,0,1,0,0.669,1.00,1.00,4.22,0.019,0.6098,0.00,0.000,0.00,0.00,1.059,1.121,0.952,1.111,1.102,1.011,1.119,0.620,1.369,11,11111101111001,1.048,10.0,-1,-1,-1,-1,0,deterministic,1,437227,7,1,12,train,36.336,25.060,127.482,1.4676,0.3418,438.00,93.3,1,4,305.9,94.9,0
93,9393,0,maxStep,5000,-1,-1,0,500,0,0.00,0,0,0,0,0,0.561,1.00,1.00,0.00,0.000,0.3341,0.00,0.000,0.00,0.00,1.059,1.121,0.952,1.111,1.102,1.011,1.119,0.620,1.369,11,11111101111001,1.048,10.0,-1,-1,-1,-1,0,deterministic,1,442227,7,1,13,train,33.329,18.812,79.008,0.3524,1.4270,241.61,94.9,1,1,181.9,90.0,0
94,9394,0,maxStep,5000,-1,-1,0,500,0,0.00,0,0,0,1,0,0.300,1.00,1.00,2.06,0.001,0.6056,0.00,0.000,0.00,0.00,1.059,1.121,0.952,1.111,1.102,1.011,1.119,0.620,1.369,11,11111101111001,1.048,10.0,-1,-1,-1,-1,0,deterministic,1,447227,7,1,14,train,38.842,19.159,45.103,0.7722,0.7428,176.27,90.0,1,0,176.8,93.0,0
95,9395,0,maxStep,5000,-1,-1,0,500,0,0.00,3,3,0,1,0,1.331,1.00,1.00,4.29,0.745,0.8171,0.00,0.000,0.00,0.00,1.059,1.121,0.952,1.111,1.102,1.011,1.119,0.620,1.369,11,11111101111001,1.048,10.0,-1,-1,-1,-1,0,deterministic,1,452227,7,1,15,train,26.487,23.966,98.091,1.1515,0.5858,273.25,93.0,1,0,119.6,94.0,0
96,9396,0,maxStep,5000,-1,-1,0,500,0,0.00,0,0,0,1,0,0.937,1.00,1.00,2.54,0.284,0.3778,0.00,0.000,0.00,0.00,1.059,1.121,0.952,1.111,1.102,1.011,1.119,0.620,1.369,11,11111101111001,1.048,10.0,-1,-1,-1,-1,0,deterministic,1,457227,7,1,16,train,35.450,30.559,130.626,1.3876,1.3520,398.10,94.0,1,1,99.7,94.8,0
97,9397,0,maxStep,5000,-1,-1,0,500,0,0.00,0,0,0,1,0,1.180,1.00,1.00,3.49,0.002,0.7313,0.00,0.000,0.00,0.00,1.059,1.121,0.952,1.111,1.102,1.011,1.119,0.620,1.369,11,11111101111001,1.048,10.0,-1,-1,-1,-1,0,deterministic,1,462227,7,1,17,train,23.932,19.614,113.470,1.0626,0.3633,261.73,94.8,1,3,43.1,88.6,0
98,9398,0,maxStep,5000,-1,-1,0,500,0,0.00,4,2,0,1,0,1.290,1.00,1.00,3.00,2.469,0.7786,0.00,0.000,0.00,0.00,1.059,1.121,0.952,1.111,1.102,1.011,1.119,0.620,1.369,11,11111101111001,1.048,10.0,-1,-1,-1,-1,0,deterministic,1,467227,7,1,18,train,33.181,27.881,44.117,1.0488,1.0641,161.76,88.6,1,1,342.0,97.7,0
99,9399,0,maxStep,5000,-1,-1,0,500,0,0.00,1,1,0,1,0,1.063,1.00,1.00,3.20,0.009,0.6492,0.00,0.000,0.00,0.00,1.059,1.121,0.952,1.111,1.102,1.011,1.119,0.620,1.369,11,11111101111001,1.048,10.0,-1,-1,-1,-1,0,deterministic,1,472227,7,1,19,train,35.580,32.692,60.657,0.4504,0.4169,477.13,97.7,1,1,331.1,91.8,0
100,9400,0,maxStep,5000,-1,-1,0,500,0,0.00,2,2,0,1,0,0.532,1.00,1.00,2.57,0.008,0.7326,0.00,0.000,0.00,0.00,1.059,1.121,0.952,1.111,1.102,1.011,1.119,0.620,1.369,11,11111101111001,1.048,10.0,-1,-1,-1,-1,0,deterministic,1,477227,7,1,20,train,35.347,15.014,133.602,0.5210,0.9882,387.45,91.8,1,2,149.2,90.0,0
DONE
