theta_id,scale,mass_min,mass_max,success,lo,hi,n,reach_failure,lifted,palm,contacts,hold,hash,wall_s,csv,time
0,1.0,,,1.0000,0.9630,1.0000,100,0.0000,1.0000,1.0000,7.140,500.0,5ed105a464502035,42,results/bo/partB/probe_passes/probe_t00_s1.0.csv,17:09:53
1,1.0,,,1.0000,0.9630,1.0000,100,0.0000,1.0000,1.0000,6.740,500.0,b4ff0a6e8538dc22,42,results/bo/partB/probe_passes/probe_t01_s1.0.csv,17:10:39
2,1.0,,,1.0000,0.9630,1.0000,100,0.0000,1.0000,1.0000,6.550,500.0,e7ada823b336d487,42,results/bo/partB/probe_passes/probe_t02_s1.0.csv,17:11:25
3,1.0,,,1.0000,0.9630,1.0000,100,0.0000,1.0000,1.0000,6.050,500.0,d9227ead9b5d48ea,42,results/bo/partB/probe_passes/probe_t03_s1.0.csv,17:12:10
4,1.0,,,1.0000,0.9630,1.0000,100,0.0000,1.0000,1.0000,8.000,500.0,b62a0f7d7f6c8abc,42,results/bo/partB/probe_passes/probe_t04_s1.0.csv,17:12:56
5,1.0,,,0.9800,0.9300,0.9945,100,0.0000,0.9900,0.7700,4.060,490.3,8f570737c2e3be79,42,results/bo/partB/probe_passes/probe_t05_s1.0.csv,17:13:42
6,1.0,,,1.0000,0.9630,1.0000,100,0.0000,1.0000,1.0000,5.970,500.0,b497bfed27978ab5,42,results/bo/partB/probe_passes/probe_t06_s1.0.csv,17:14:28
7,1.0,,,1.0000,0.9630,1.0000,100,0.0000,1.0000,1.0000,4.760,500.0,065d3df678c7b550,42,results/bo/partB/probe_passes/probe_t07_s1.0.csv,17:15:14
8,1.0,,,1.0000,0.9630,1.0000,100,0.0000,1.0000,1.0000,4.840,500.0,3170f0d69f65888d,42,results/bo/partB/probe_passes/probe_t08_s1.0.csv,17:16:00
9,1.0,,,1.0000,0.9630,1.0000,100,0.0000,1.0000,1.0000,5.550,500.0,04cb8b5668692793,42,results/bo/partB/probe_passes/probe_t09_s1.0.csv,17:16:45
10,1.0,,,1.0000,0.9630,1.0000,100,0.0000,1.0000,1.0000,4.760,500.0,d209a03544cbaae1,42,results/bo/partB/probe_passes/probe_t10_s1.0.csv,17:17:31
11,1.0,,,0.9900,0.9455,0.9982,100,0.0000,1.0000,0.7700,3.820,495.0,dd797722ba18c02f,42,results/bo/partB/probe_passes/probe_t11_s1.0.csv,17:18:17
12,1.0,,,1.0000,0.9630,1.0000,100,0.0000,1.0000,0.9800,3.630,500.0,a5917df9924256c9,42,results/bo/partB/probe_passes/probe_t12_s1.0.csv,17:19:03
13,1.0,,,1.0000,0.9630,1.0000,100,0.0000,1.0000,1.0000,6.240,500.0,d7c6db6d25d89000,42,results/bo/partB/probe_passes/probe_t13_s1.0.csv,17:19:49
14,1.0,,,0.9100,0.8377,0.9519,100,0.0100,0.9500,0.7800,4.900,464.4,ff3587dc8e1fa78f,42,results/bo/partB/probe_passes/probe_t14_s1.0.csv,17:20:35
15,1.0,,,1.0000,0.9630,1.0000,100,0.0000,1.0000,0.9800,6.010,500.0,318f537e63e8c6d1,42,results/bo/partB/probe_passes/probe_t15_s1.0.csv,17:21:21
16,1.0,,,1.0000,0.9630,1.0000,100,0.0000,1.0000,0.9700,7.130,500.0,0690192d63b232cd,42,results/bo/partB/probe_passes/probe_t16_s1.0.csv,17:22:06
17,1.0,,,1.0000,0.9630,1.0000,100,0.0000,1.0000,0.9800,5.520,500.0,8a6b192e5fa5ead7,42,results/bo/partB/probe_passes/probe_t17_s1.0.csv,17:22:52
18,1.0,,,0.9900,0.9455,0.9982,100,0.0000,1.0000,1.0000,5.760,498.4,02c4d2aea1096c13,42,results/bo/partB/probe_passes/probe_t18_s1.0.csv,17:23:38
19,1.0,,,1.0000,0.9630,1.0000,100,0.0000,1.0000,1.0000,6.140,500.0,820fe8fee2fb40ac,42,results/bo/partB/probe_passes/probe_t19_s1.0.csv,17:24:24
0,1.5,,,1.0000,0.9630,1.0000,100,0.0000,1.0000,1.0000,7.240,500.0,63e9a19f44df673f,42,results/bo/partB/probe_passes/probe_t00_s1.5.csv,17:25:10
1,1.5,,,0.9900,0.9455,0.9982,100,0.0100,0.9900,1.0000,6.610,495.0,65e5717ba617182d,42,results/bo/partB/probe_passes/probe_t01_s1.5.csv,17:25:56
2,1.5,,,1.0000,0.9630,1.0000,100,0.0000,1.0000,1.0000,6.320,500.0,f275f09d6ff5b39c,42,results/bo/partB/probe_passes/probe_t02_s1.5.csv,17:26:42
3,1.5,,,1.0000,0.9630,1.0000,100,0.0000,1.0000,0.9900,5.960,500.0,9e322bf573067f13,42,results/bo/partB/probe_passes/probe_t03_s1.5.csv,17:27:27
4,1.5,,,1.0000,0.9630,1.0000,100,0.0000,1.0000,1.0000,7.870,500.0,44358d358aea0980,42,results/bo/partB/probe_passes/probe_t04_s1.5.csv,17:28:13
5,1.5,,,0.9700,0.9155,0.9897,100,0.0000,0.9900,0.8300,4.070,485.7,e5070d4ede854d35,42,results/bo/partB/probe_passes/probe_t05_s1.5.csv,17:28:59
6,1.5,,,1.0000,0.9630,1.0000,100,0.0000,1.0000,1.0000,5.980,500.0,1b5a45f2e8813632,42,results/bo/partB/probe_passes/probe_t06_s1.5.csv,17:29:45
7,1.5,,,1.0000,0.9630,1.0000,100,0.0000,1.0000,0.9800,4.530,500.0,99c45241b3e7eb34,42,results/bo/partB/probe_passes/probe_t07_s1.5.csv,17:30:31
8,1.5,,,1.0000,0.9630,1.0000,100,0.0000,1.0000,1.0000,4.780,500.0,13cde2a9a3d43cd2,42,results/bo/partB/probe_passes/probe_t08_s1.5.csv,17:31:17
9,1.5,,,1.0000,0.9630,1.0000,100,0.0000,1.0000,1.0000,5.620,500.0,cb2dc9e01f5a5bf0,42,results/bo/partB/probe_passes/probe_t09_s1.5.csv,17:32:03
10,1.5,,,1.0000,0.9630,1.0000,100,0.0000,1.0000,1.0000,4.620,500.0,80df45cfaeff7a66,42,results/bo/partB/probe_passes/probe_t10_s1.5.csv,17:32:48
11,1.5,,,0.9300,0.8625,0.9657,100,0.0500,0.9500,0.6900,3.460,466.8,c500a9561c664505,52,results/bo/partB/probe_passes/probe_t11_s1.5.csv,17:33:44
12,1.5,,,1.0000,0.9630,1.0000,100,0.0000,1.0000,0.9800,3.750,500.0,e5a5cca767d37fb4,42,results/bo/partB/probe_passes/probe_t12_s1.5.csv,17:34:30
13,1.5,,,1.0000,0.9630,1.0000,100,0.0000,1.0000,1.0000,6.150,500.0,9a2e41d914414bf8,42,results/bo/partB/probe_passes/probe_t13_s1.5.csv,17:35:16
14,1.5,,,0.9800,0.9300,0.9945,100,0.0000,0.9900,0.7600,4.850,490.1,4104367278c1b74a,42,results/bo/partB/probe_passes/probe_t14_s1.5.csv,17:36:02
15,1.5,,,1.0000,0.9630,1.0000,100,0.0000,1.0000,0.9900,5.860,500.0,d71b7a18f8a07a11,42,results/bo/partB/probe_passes/probe_t15_s1.5.csv,17:36:48
16,1.5,,,1.0000,0.9630,1.0000,100,0.0000,1.0000,0.9600,7.110,500.0,65eb0177f4ecda29,42,results/bo/partB/probe_passes/probe_t16_s1.5.csv,17:37:34
17,1.5,,,1.0000,0.9630,1.0000,100,0.0000,1.0000,0.9900,5.540,500.0,a07092ebdece1885,42,results/bo/partB/probe_passes/probe_t17_s1.5.csv,17:38:20
18,1.5,,,0.9800,0.9300,0.9945,100,0.0000,1.0000,1.0000,5.810,491.6,8f1f68ddae9ec386,42,results/bo/partB/probe_passes/probe_t18_s1.5.csv,17:39:05
19,1.5,,,1.0000,0.9630,1.0000,100,0.0000,1.0000,1.0000,6.110,500.0,d2d3e9dc61c37d6c,42,results/bo/partB/probe_passes/probe_t19_s1.5.csv,17:39:51
0,2.0,,,1.0000,0.9630,1.0000,100,0.0000,1.0000,1.0000,7.200,500.0,f3f2f5870bea271b,42,results/bo/partB/probe_passes/probe_t00_s2.0.csv,17:40:37
1,2.0,,,1.0000,0.9630,1.0000,100,0.0000,1.0000,1.0000,6.750,500.0,dcecd7d8284ed744,42,results/bo/partB/probe_passes/probe_t01_s2.0.csv,17:41:23
2,2.0,,,1.0000,0.9630,1.0000,100,0.0000,1.0000,1.0000,6.390,500.0,49e3fc67e2bc9ff6,42,results/bo/partB/probe_passes/probe_t02_s2.0.csv,17:42:09
3,2.0,,,1.0000,0.9630,1.0000,100,0.0000,1.0000,1.0000,6.030,500.0,e89f4a40cfa23028,42,results/bo/partB/probe_passes/probe_t03_s2.0.csv,17:42:55
4,2.0,,,1.0000,0.9630,1.0000,100,0.0000,1.0000,1.0000,7.730,500.0,480f5786fb63dceb,42,results/bo/partB/probe_passes/probe_t04_s2.0.csv,17:43:41
5,2.0,,,0.8900,0.8137,0.9375,100,0.0500,0.9200,0.8200,3.980,445.8,a7656b3016a7be7f,52,results/bo/partB/probe_passes/probe_t05_s2.0.csv,17:44:37
6,2.0,,,1.0000,0.9630,1.0000,100,0.0000,1.0000,1.0000,5.800,500.0,396273e2f0e950aa,42,results/bo/partB/probe_passes/probe_t06_s2.0.csv,17:45:23
7,2.0,,,1.0000,0.9630,1.0000,100,0.0000,1.0000,0.9800,4.480,500.0,af2f18470645582b,42,results/bo/partB/probe_passes/probe_t07_s2.0.csv,17:46:09
8,2.0,,,1.0000,0.9630,1.0000,100,0.0000,1.0000,1.0000,4.810,500.0,6cc59b71202c7ee9,42,results/bo/partB/probe_passes/probe_t08_s2.0.csv,17:46:55
9,2.0,,,1.0000,0.9630,1.0000,100,0.0000,1.0000,1.0000,5.620,500.0,f3941b4a134f5099,42,results/bo/partB/probe_passes/probe_t09_s2.0.csv,17:47:41
10,2.0,,,1.0000,0.9630,1.0000,100,0.0000,1.0000,1.0000,4.610,500.0,211431dd906420b2,42,results/bo/partB/probe_passes/probe_t10_s2.0.csv,17:48:26
11,2.0,,,1.0000,0.9630,1.0000,100,0.0000,1.0000,0.7200,3.810,500.0,a53a3ac4e6e8f519,42,results/bo/partB/probe_passes/probe_t11_s2.0.csv,17:49:12
12,2.0,,,1.0000,0.9630,1.0000,100,0.0000,1.0000,0.9800,3.830,500.0,d682ae9b1bf471ad,42,results/bo/partB/probe_passes/probe_t12_s2.0.csv,17:49:58
13,2.0,,,1.0000,0.9630,1.0000,100,0.0000,1.0000,1.0000,6.170,500.0,d7e788c5ad8db2ba,42,results/bo/partB/probe_passes/probe_t13_s2.0.csv,17:50:44
14,2.0,,,0.8500,0.7672,0.9069,100,0.0500,0.9200,0.7300,4.550,430.8,9f72853938079c3f,52,results/bo/partB/probe_passes/probe_t14_s2.0.csv,17:51:40
15,2.0,,,1.0000,0.9630,1.0000,100,0.0000,1.0000,0.9800,6.110,500.0,8b277537c8b3db23,42,results/bo/partB/probe_passes/probe_t15_s2.0.csv,17:52:26
16,2.0,,,1.0000,0.9630,1.0000,100,0.0000,1.0000,0.9500,7.040,500.0,ca2c1e7d487b0d45,42,results/bo/partB/probe_passes/probe_t16_s2.0.csv,17:53:12
17,2.0,,,1.0000,0.9630,1.0000,100,0.0000,1.0000,0.9900,5.530,500.0,cfcc60f65115cc7d,42,results/bo/partB/probe_passes/probe_t17_s2.0.csv,17:53:58
18,2.0,,,0.9900,0.9455,0.9982,100,0.0000,1.0000,1.0000,5.770,495.8,1a7e03c4304aee68,42,results/bo/partB/probe_passes/probe_t18_s2.0.csv,17:54:44
19,2.0,,,1.0000,0.9630,1.0000,100,0.0000,1.0000,1.0000,6.080,500.0,139b42440085e70a,42,results/bo/partB/probe_passes/probe_t19_s2.0.csv,17:55:29
0,3.0,,,1.0000,0.9630,1.0000,100,0.0000,1.0000,1.0000,7.100,500.0,bb07fd9857a237f2,42,results/bo/partB/probe_passes/probe_t00_s3.0.csv,17:56:15
1,3.0,,,1.0000,0.9630,1.0000,100,0.0000,1.0000,1.0000,6.630,500.0,0fad6a956e82bf81,42,results/bo/partB/probe_passes/probe_t01_s3.0.csv,17:57:01
2,3.0,,,1.0000,0.9630,1.0000,100,0.0000,1.0000,1.0000,6.270,500.0,98d5f391d54d9b00,42,results/bo/partB/probe_passes/probe_t02_s3.0.csv,17:57:47
3,3.0,,,1.0000,0.9630,1.0000,100,0.0000,1.0000,0.9700,5.770,500.0,ab14cf0e58cf8bf1,42,results/bo/partB/probe_passes/probe_t03_s3.0.csv,17:58:33
4,3.0,,,1.0000,0.9630,1.0000,100,0.0000,1.0000,1.0000,7.700,500.0,4a84cccbe9102ba0,42,results/bo/partB/probe_passes/probe_t04_s3.0.csv,17:59:19
5,3.0,,,0.8500,0.7672,0.9069,100,0.0200,0.9200,0.7400,3.620,434.1,2aa245a6d32b1f9d,47,results/bo/partB/probe_passes/probe_t05_s3.0.csv,18:00:10
6,3.0,,,1.0000,0.9630,1.0000,100,0.0000,1.0000,1.0000,5.840,500.0,e49d764e2360fec4,42,results/bo/partB/probe_passes/probe_t06_s3.0.csv,18:00:56
7,3.0,,,1.0000,0.9630,1.0000,100,0.0000,1.0000,0.9600,4.310,500.0,7abcd9c132deaea2,42,results/bo/partB/probe_passes/probe_t07_s3.0.csv,18:01:42
8,3.0,,,0.9900,0.9455,0.9982,100,0.0000,1.0000,0.9900,4.760,495.0,9f22c4e876400454,42,results/bo/partB/probe_passes/probe_t08_s3.0.csv,18:02:28
9,3.0,,,1.0000,0.9630,1.0000,100,0.0000,1.0000,1.0000,5.590,500.0,653d883d4e1fae9f,42,results/bo/partB/probe_passes/probe_t09_s3.0.csv,18:03:14
10,3.0,,,1.0000,0.9630,1.0000,100,0.0000,1.0000,1.0000,4.660,500.0,45e530a5f2329b72,42,results/bo/partB/probe_passes/probe_t10_s3.0.csv,18:04:00
11,3.0,,,0.8600,0.7786,0.9147,100,0.0400,0.9600,0.6000,3.440,436.8,de05c239e2de0855,52,results/bo/partB/probe_passes/probe_t11_s3.0.csv,18:04:56
12,3.0,,,1.0000,0.9630,1.0000,100,0.0000,1.0000,1.0000,3.870,500.0,3c434fc30ae8622d,42,results/bo/partB/probe_passes/probe_t12_s3.0.csv,18:05:42
13,3.0,,,1.0000,0.9630,1.0000,100,0.0000,1.0000,1.0000,6.060,500.0,74e8c3f3ff71040a,42,results/bo/partB/probe_passes/probe_t13_s3.0.csv,18:06:28
14,3.0,,,0.8700,0.7902,0.9224,100,0.0200,0.9600,0.6700,4.660,448.9,a48836e3d351458d,47,results/bo/partB/probe_passes/probe_t14_s3.0.csv,18:07:19
15,3.0,,,1.0000,0.9630,1.0000,100,0.0000,1.0000,0.9900,5.950,500.0,51c9622da5db93c8,42,results/bo/partB/probe_passes/probe_t15_s3.0.csv,18:08:05
16,3.0,,,0.9700,0.9155,0.9897,100,0.0000,1.0000,0.8600,6.680,497.7,9e8ffb4a9a99dce9,42,results/bo/partB/probe_passes/probe_t16_s3.0.csv,18:08:51
17,3.0,,,1.0000,0.9630,1.0000,100,0.0000,1.0000,0.9700,5.450,500.0,d421d54be665cb19,42,results/bo/partB/probe_passes/probe_t17_s3.0.csv,18:09:37
18,3.0,,,0.9900,0.9455,0.9982,100,0.0100,0.9900,0.9700,5.680,495.0,104ea9188f1ce0ec,47,results/bo/partB/probe_passes/probe_t18_s3.0.csv,18:10:28
19,3.0,,,0.9900,0.9455,0.9982,100,0.0000,1.0000,1.0000,6.010,497.9,c94742c3ac042e65,42,results/bo/partB/probe_passes/probe_t19_s3.0.csv,18:11:14
0,1.0,0.40,3.00,0.9400,0.8752,0.9722,100,0.0000,1.0000,0.9800,6.590,474.5,79d7f6151c90c3f2,42,results/bo/partB/probe_passes/probe_t00_s1.0_m0.4-3.0.csv,18:12:32
1,1.0,0.40,3.00,1.0000,0.9630,1.0000,100,0.0000,1.0000,1.0000,6.540,500.0,a3c2f5af15b09507,42,results/bo/partB/probe_passes/probe_t01_s1.0_m0.4-3.0.csv,18:13:18
2,1.0,0.40,3.00,1.0000,0.9630,1.0000,100,0.0000,1.0000,0.9500,6.140,500.0,d25929011b98dece,42,results/bo/partB/probe_passes/probe_t02_s1.0_m0.4-3.0.csv,18:14:04
3,1.0,0.40,3.00,1.0000,0.9630,1.0000,100,0.0000,1.0000,1.0000,6.060,500.0,cf12dd482e6eacd6,42,results/bo/partB/probe_passes/probe_t03_s1.0_m0.4-3.0.csv,18:14:50
4,1.0,0.40,3.00,1.0000,0.9630,1.0000,100,0.0000,1.0000,1.0000,8.000,500.0,618e3c0923c7172c,42,results/bo/partB/probe_passes/probe_t04_s1.0_m0.4-3.0.csv,18:15:36
5,1.0,0.40,3.00,0.7600,0.6677,0.8331,100,0.0700,0.9000,0.6800,3.500,393.7,9a0b9406e0445616,57,results/bo/partB/probe_passes/probe_t05_s1.0_m0.4-3.0.csv,18:16:37
6,1.0,0.40,3.00,1.0000,0.9630,1.0000,100,0.0000,1.0000,1.0000,6.120,500.0,cc6e6d7fa607e01c,42,results/bo/partB/probe_passes/probe_t06_s1.0_m0.4-3.0.csv,18:17:23
7,1.0,0.40,3.00,1.0000,0.9630,1.0000,100,0.0000,1.0000,0.9400,4.580,500.0,77a1ab402ba486b1,42,results/bo/partB/probe_passes/probe_t07_s1.0_m0.4-3.0.csv,18:18:09
8,1.0,0.40,3.00,0.9900,0.9455,0.9982,100,0.0000,1.0000,1.0000,4.810,496.1,fd204ce09c7e18ea,42,results/bo/partB/probe_passes/probe_t08_s1.0_m0.4-3.0.csv,18:18:55
9,1.0,0.40,3.00,1.0000,0.9630,1.0000,100,0.0000,1.0000,1.0000,6.040,500.0,c6fff55160b4853f,42,results/bo/partB/probe_passes/probe_t09_s1.0_m0.4-3.0.csv,18:19:41
10,1.0,0.40,3.00,0.8300,0.7445,0.8911,100,0.1000,0.9000,0.9400,4.110,419.1,cd73a5c4005e5cb0,68,results/bo/partB/probe_passes/probe_t10_s1.0_m0.4-3.0.csv,18:20:53
11,1.0,0.40,3.00,0.9300,0.8625,0.9657,100,0.0100,0.9600,0.7300,3.550,465.3,9d45c7092e266c12,47,results/bo/partB/probe_passes/probe_t11_s1.0_m0.4-3.0.csv,18:21:44
12,1.0,0.40,3.00,1.0000,0.9630,1.0000,100,0.0000,1.0000,0.9500,3.740,500.0,cbf10391799e8cf5,42,results/bo/partB/probe_passes/probe_t12_s1.0_m0.4-3.0.csv,18:22:30
13,1.0,0.40,3.00,1.0000,0.9630,1.0000,100,0.0000,1.0000,1.0000,6.290,500.0,20b98c59823f2fae,42,results/bo/partB/probe_passes/probe_t13_s1.0_m0.4-3.0.csv,18:23:16
14,1.0,0.40,3.00,0.6600,0.5628,0.7454,100,0.0900,0.7900,0.6300,4.170,343.4,830715d2fd0f3125,62,results/bo/partB/probe_passes/probe_t14_s1.0_m0.4-3.0.csv,18:24:22
15,1.0,0.40,3.00,1.0000,0.9630,1.0000,100,0.0000,1.0000,1.0000,5.960,500.0,093ca6339c33913e,42,results/bo/partB/probe_passes/probe_t15_s1.0_m0.4-3.0.csv,18:25:08
16,1.0,0.40,3.00,0.9600,0.9016,0.9843,100,0.0000,0.9900,0.8900,5.990,481.8,1651495df84a8a9c,42,results/bo/partB/probe_passes/probe_t16_s1.0_m0.4-3.0.csv,18:25:54
17,1.0,0.40,3.00,0.9800,0.9300,0.9945,100,0.0000,0.9900,0.9800,5.520,490.6,bb11eca632df2134,42,results/bo/partB/probe_passes/probe_t17_s1.0_m0.4-3.0.csv,18:26:40
18,1.0,0.40,3.00,0.9900,0.9455,0.9982,100,0.0000,1.0000,1.0000,5.960,495.4,c7a7ec0bcb5f519d,42,results/bo/partB/probe_passes/probe_t18_s1.0_m0.4-3.0.csv,18:27:26
19,1.0,0.40,3.00,1.0000,0.9630,1.0000,100,0.0000,1.0000,1.0000,6.260,500.0,272708e4a9a3d1dd,42,results/bo/partB/probe_passes/probe_t19_s1.0_m0.4-3.0.csv,18:28:12
0,2.0,0.40,3.00,1.0000,0.9630,1.0000,100,0.0000,1.0000,1.0000,6.780,500.0,7ef6fd2c9241ad75,42,results/bo/partB/probe_passes/probe_t00_s2.0_m0.4-3.0.csv,18:28:58
1,2.0,0.40,3.00,0.9900,0.9455,0.9982,100,0.0000,1.0000,1.0000,6.550,495.1,e77bcbbca583fe5a,47,results/bo/partB/probe_passes/probe_t01_s2.0_m0.4-3.0.csv,18:29:49
2,2.0,0.40,3.00,1.0000,0.9630,1.0000,100,0.0000,1.0000,0.9600,6.170,500.0,f2d326376378e60e,42,results/bo/partB/probe_passes/probe_t02_s2.0_m0.4-3.0.csv,18:30:35
3,2.0,0.40,3.00,1.0000,0.9630,1.0000,100,0.0000,1.0000,0.9400,5.930,500.0,2c187977835f16e1,42,results/bo/partB/probe_passes/probe_t03_s2.0_m0.4-3.0.csv,18:31:21
4,2.0,0.40,3.00,1.0000,0.9630,1.0000,100,0.0000,1.0000,0.9900,7.580,500.0,a693a76de627a32c,42,results/bo/partB/probe_passes/probe_t04_s2.0_m0.4-3.0.csv,18:32:07
5,2.0,0.40,3.00,0.7600,0.6677,0.8331,100,0.0400,0.9000,0.5900,3.410,389.3,4efe07c47aa15b84,52,results/bo/partB/probe_passes/probe_t05_s2.0_m0.4-3.0.csv,18:33:03
6,2.0,0.40,3.00,1.0000,0.9630,1.0000,100,0.0000,1.0000,0.9800,6.230,500.0,c1cc59830721cdcb,42,results/bo/partB/probe_passes/probe_t06_s2.0_m0.4-3.0.csv,18:33:49
7,2.0,0.40,3.00,0.9900,0.9455,0.9982,100,0.0000,1.0000,0.9300,4.350,495.3,41494e1b6edaa055,42,results/bo/partB/probe_passes/probe_t07_s2.0_m0.4-3.0.csv,18:34:35
8,2.0,0.40,3.00,0.9900,0.9455,0.9982,100,0.0000,1.0000,0.9900,4.730,496.1,cb5f322c5e883683,42,results/bo/partB/probe_passes/probe_t08_s2.0_m0.4-3.0.csv,18:35:21
9,2.0,0.40,3.00,1.0000,0.9630,1.0000,100,0.0000,1.0000,0.9700,6.090,500.0,ee44d902ca2e5763,42,results/bo/partB/probe_passes/probe_t09_s2.0_m0.4-3.0.csv,18:36:08
10,2.0,0.40,3.00,1.0000,0.9630,1.0000,100,0.0000,1.0000,1.0000,4.580,500.0,391539e3c9628ee1,47,results/bo/partB/probe_passes/probe_t10_s2.0_m0.4-3.0.csv,18:36:59
11,2.0,0.40,3.00,0.9300,0.8625,0.9657,100,0.0100,0.9800,0.6700,3.590,467.2,a960a54251fb7fee,47,results/bo/partB/probe_passes/probe_t11_s2.0_m0.4-3.0.csv,18:37:50
12,2.0,0.40,3.00,0.9900,0.9455,0.9982,100,0.0000,1.0000,0.9000,3.810,495.7,2af06e1f6e909dba,47,results/bo/partB/probe_passes/probe_t12_s2.0_m0.4-3.0.csv,18:38:41
13,2.0,0.40,3.00,1.0000,0.9630,1.0000,100,0.0000,1.0000,1.0000,6.070,500.0,1199bffc7c3ab355,42,results/bo/partB/probe_passes/probe_t13_s2.0_m0.4-3.0.csv,18:39:27
14,2.0,0.40,3.00,0.5700,0.4722,0.6627,100,0.1000,0.7700,0.5100,3.990,301.3,31f495854c1359ea,62,results/bo/partB/probe_passes/probe_t14_s2.0_m0.4-3.0.csv,18:40:33
15,2.0,0.40,3.00,1.0000,0.9630,1.0000,100,0.0000,1.0000,0.9600,6.030,500.0,0bb82f31a5830a94,42,results/bo/partB/probe_passes/probe_t15_s2.0_m0.4-3.0.csv,18:41:19
16,2.0,0.40,3.00,0.9300,0.8625,0.9657,100,0.0000,1.0000,0.7600,5.860,470.5,f20e32ea1065be01,47,results/bo/partB/probe_passes/probe_t16_s2.0_m0.4-3.0.csv,18:42:10
17,2.0,0.40,3.00,1.0000,0.9630,1.0000,100,0.0000,1.0000,1.0000,5.490,500.0,43587a6e6d1337f0,47,results/bo/partB/probe_passes/probe_t17_s2.0_m0.4-3.0.csv,18:43:01
18,2.0,0.40,3.00,0.8600,0.7786,0.9147,100,0.0500,0.9500,0.9900,5.380,445.0,e47e63a56b6d028a,57,results/bo/partB/probe_passes/probe_t18_s2.0_m0.4-3.0.csv,18:44:02
19,2.0,0.40,3.00,1.0000,0.9630,1.0000,100,0.0000,1.0000,0.9900,6.240,500.0,b818027870386a23,47,results/bo/partB/probe_passes/probe_t19_s2.0_m0.4-3.0.csv,18:44:53
