arm,idx,phase,key,feasible,objective,pass_given_hold,success_rate,palm_contact_rate,mean_contacts,lenMean,lenThumb,active,mask,omegaActiveMean,zetaActiveMean,inertiaActiveMean,oracle_gate_step,oracle_max_contacts,oracle_push_mm,acq,ei,p_feasible,origin
bo,1,init,58f963ab9945,True,0.75,0.75,1,0,8.7,1.0000,1.000,14,11111111111111,25.00,0.700,1.000,68,8,14.000000953674316,None,None,None,
bo,2,init,5753fa57cfb6,False,None,None,None,None,None,1.0578,1.195,11,01110110111111,22.83,0.635,1.300,-1,5,0.0,None,None,None,
bo,3,init,e98417f69894,True,0.7833333333333333,0.7833333333333333,1,0,7.65,0.9685,0.825,11,11111011011101,26.65,0.717,1.259,132,6,43.99998092651367,None,None,None,
bo,4,init,55aa34cbee87,False,None,None,None,None,None,0.9323,1.009,9,11111011001001,23.25,0.677,1.325,-1,5,45.999977111816406,None,None,None,
bo,5,init,430008b04428,True,0.75,0.75,1,0,7.8,1.1105,1.142,12,11110111111011,24.82,0.677,1.281,137,7,0.0,None,None,None,
bo,6,init,be2a10df5be7,False,None,None,None,None,None,1.0180,1.025,10,01011111111010,25.56,0.634,1.487,-1,5,11.000000953674316,None,None,None,
bo,7,init,96adfa869f5e,False,None,None,None,None,None,0.9990,0.892,11,11011101111101,28.93,0.562,1.216,-1,4,39.9999885559082,None,None,None,
bo,8,init,804177ce0575,True,0.9166666666666666,0.9166666666666666,1,0,8.1,0.9605,0.888,12,10111101111111,26.44,0.576,1.370,127,7,23.000001907348633,None,None,None,
bo,9,init,b0be1fcdbc33,False,None,None,None,None,None,1.0162,0.975,8,00101110101101,23.23,0.618,1.135,-1,2,36.99999237060547,None,None,None,
bo,10,init,292143e4de5c,True,0.95,0.95,1,0,6.75,0.9957,0.894,9,11001101110011,24.47,0.668,1.375,87,7,18.000001907348633,None,None,None,
bo,11,init,71bd12a56093,False,None,None,None,None,None,0.9851,0.852,12,01111111111101,25.68,0.682,1.261,-1,4,40.99998474121094,None,None,None,
bo,12,init,37694fd0a3a6,True,0.7,0.7,1,0,8.25,1.0001,0.828,13,11111110111111,29.29,0.685,1.168,68,7,19.000001907348633,None,None,None,
bo,13,init,12a1d17b3075,False,None,None,None,None,None,0.9672,0.917,11,11101111011101,28.65,0.613,1.276,-1,5,42.99998474121094,None,None,None,
bo,14,init,e44d213aab04,False,None,None,None,None,None,0.9395,0.860,11,00111111101111,25.93,0.630,1.249,-1,4,27.000001907348633,None,None,None,
bo,15,init,75eef0622862,False,None,None,None,None,None,0.9909,1.115,9,10111101110010,22.83,0.578,1.174,-1,5,10.000000953674316,None,None,None,
bo,16,init,856b1de97059,True,0.85,0.85,1,0,8.6,1.0476,1.152,13,11111110111111,26.71,0.666,0.986,68,6,0.0,None,None,None,
bo,17,init,7adcae001142,False,None,None,None,None,None,1.0300,1.095,10,00111111110101,24.27,0.627,1.114,-1,4,31.000003814697266,None,None,None,
bo,18,init,f7ec1f1b2590,True,0.6166666666666667,0.6491228070175439,0.95,0,7.315789473684211,0.9001,0.818,10,11110110110011,25.80,0.662,1.301,31,7,33.0,None,None,None,
bo,19,init,fc241bf1cf0b,True,0.8833333333333333,0.8833333333333333,1,0,7.0,0.9970,0.965,11,11110101011111,28.96,0.645,1.179,92,7,15.000001907348633,None,None,None,
bo,20,init,fc8edff06188,False,None,None,None,None,None,1.0434,1.027,12,11111101111101,26.43,0.731,1.296,-1,5,31.000003814697266,None,None,None,
bo,21,init,58ece861a7c9,True,0.9333333333333333,0.9333333333333333,1,0,7.55,1.0123,0.881,12,10111110111111,28.72,0.689,1.330,67,7,16.0,None,None,None,
bo,22,init,e2396d22a545,True,0.6833333333333333,0.6833333333333333,1,0,8.25,0.9523,0.849,13,11111111111011,28.62,0.715,1.386,67,7,25.000001907348633,None,None,None,
bo,23,init,f6aac97840c8,False,None,None,None,None,None,1.0535,1.124,10,11011100101111,24.70,0.586,1.175,-1,3,1.0,None,None,None,
bo,24,init,83771944d05d,True,0.7,0.7,1,0,7.75,0.9424,0.910,13,10111111111111,23.90,0.598,1.323,67,7,26.000001907348633,None,None,None,
bo,25,init,5632a734015e,True,0.8,0.8,1,0,8.15,1.0318,0.992,12,11110111111011,27.78,0.633,1.058,68,8,9.000000953674316,None,None,None,
bo,26,init,8816e7799c58,False,None,None,None,None,None,0.9881,1.164,9,01011010111011,22.81,0.531,1.029,-1,5,8.0,None,None,None,
bo,27,init,835c97225475,False,None,None,None,None,None,0.9515,1.114,13,01111111111111,22.40,0.676,1.306,-1,4,16.0,None,None,None,
bo,28,init,4d8da8a296e5,True,0.75,0.75,1,0,8.65,1.0921,0.999,13,11111111111011,24.94,0.683,1.496,67,8,1.0,None,None,None,
bo,29,init,dfc8cb33250e,False,None,None,None,None,None,0.8462,0.876,10,11111111100010,23.05,0.787,1.109,-1,5,39.9999885559082,None,None,None,
bo,30,init,afa820491c50,True,0.55,0.55,1,0,6.85,1.0510,1.071,9,11110110011010,22.79,0.629,1.163,145,6,4.0,None,None,None,
bo,31,bo,2b7a557b74ae,True,1,1,1,0,7.75,1.0170,0.857,11,10111100111111,29.47,0.718,1.353,128,6,16.0,0.01096677985671687,0.013393824689490741,0.8187937434571461,local
bo,32,bo,ecdfa75e83ff,True,0.9833333333333333,0.9833333333333333,1,0,6.95,1.0105,0.829,12,10111101111111,28.66,0.719,1.306,128,6,18.000001907348633,0.012485918037182145,0.01401665818818758,0.890791361931373,local
bo,33,bo,6d16fe03faaf,False,None,None,None,None,None,1.0169,0.827,10,10101100111111,29.96,0.711,1.329,-1,5,17.0,0.014142440114601704,0.015533188970042558,0.9104659797725332,local
bo,34,bo,32ad95a1df99,True,1,1,1,0,7.6,1.0161,0.871,10,10111100110111,28.54,0.711,1.325,128,6,16.0,0.01121240609980344,0.014762083697869972,0.7595408838808632,local
bo,35,bo,bc7866998974,True,1,1,1,0,7.4,1.0066,0.844,10,10011100111111,29.33,0.756,1.371,128,6,18.000001907348633,0.014158237517665324,0.018478553648061904,0.766198360938833,local
bo,36,bo,c509961322e2,False,None,None,None,None,None,1.0193,0.846,10,10101100111111,30.48,0.711,1.301,-1,5,16.0,0.01500807342580384,0.02035714409705803,0.7372386496970749,local
bo,37,bo,bd020df055d4,True,1,1,1,0,7.5,1.0033,0.826,10,10011101110111,26.78,0.735,1.281,125,7,19.000001907348633,0.013573993590518738,0.016466025628295494,0.8243636865955656,local
bo,38,bo,1c666795200f,True,1,1,1,0,7.05,1.0166,0.844,10,10111000111111,29.46,0.710,1.287,67,6,17.0,0.014694289663624934,0.01768848440813494,0.8307263259291466,local
bo,39,bo,94a5a256b342,True,1,1,1,0,7.05,1.0198,0.839,11,10111100111111,29.52,0.729,1.365,128,6,17.0,0.014703151911653445,0.016936789645276853,0.8681191784036651,local
bo,40,bo,adda09091f05,True,1,1,1,0,6.6,1.0137,0.862,10,10101101110111,27.81,0.690,1.237,98,6,17.0,0.013875626168116587,0.019235666278889868,0.7213488717749463,local
bo,41,bo,eef7974867ff,True,1,1,1,0,6.8,1.0069,0.849,8,10011000110111,26.80,0.737,1.209,31,6,18.000001907348633,0.013710741883600327,0.015167293631825306,0.9039675908186601,local
bo,42,bo,4f4be5d56e04,True,1,1,1,0,6.5,0.9961,0.834,8,10011100010111,27.84,0.719,1.301,128,6,20.000001907348633,0.013710844624273903,0.01514538171233456,0.9052822097648185,local
bo,43,bo,4b74493bc08e,False,None,None,None,None,None,1.0015,0.847,8,10001100110111,29.26,0.749,1.247,-1,5,19.000001907348633,0.013994501860558159,0.017811956530578765,0.7856802163497889,local
bo,44,bo,2301cc23d9a0,False,None,None,None,None,None,1.0069,0.839,8,10111000100111,28.74,0.693,1.254,-1,5,18.000001907348633,0.011957519423832634,0.014888102967327267,0.8031593716186707,local
bo,45,bo,1915fa45f6b7,False,None,None,None,None,None,1.0185,0.867,10,10111100111101,29.72,0.724,1.438,-1,4,36.99999237060547,0.01125010596149849,0.015976407475351572,0.7041699442665801,local
bo,46,bo,feba73187a44,True,0.95,0.95,1,0,7.3,0.9936,0.815,9,10011100110111,28.44,0.732,1.352,128,6,21.000001907348633,0.010300140624755115,0.013628809279553115,0.7557623276897785,local
bo,47,bo,58abd05d7a13,True,0.9833333333333333,0.9833333333333333,1,0,6.95,1.0044,0.883,9,10111001010111,26.13,0.662,1.217,31,7,17.0,0.019328129802437442,0.022850952638851726,0.845834749557675,local
bo,48,bo,f9a2098626c4,True,1,1,1,0,6.9,1.0107,0.840,10,10011101011111,28.09,0.734,1.313,95,7,18.000001907348633,0.013707559426193533,0.015372803169607535,0.8916759861528549,local
bo,49,bo,bacb162183c7,True,1,1,1,0,7.5,1.0327,0.834,11,11011001111111,25.61,0.704,1.175,67,7,15.000001907348633,0.01247021734129091,0.014009417549116573,0.890131034896399,local
bo,50,bo,077ca6ee8f75,True,1,1,1,0,6.35,1.0252,0.875,9,10001001111111,26.86,0.711,1.203,97,6,15.000001907348633,0.013320919803854624,0.020216389998006085,0.6589168395133082,local
bo,51,bo,aa2f97cf6615,True,0.1,0.4,0.25,0,6.0,1.0219,0.861,8,00011101010111,24.49,0.701,1.373,128,6,16.0,0.01304852794213399,0.017177670177232523,0.7596215207012564,local
bo,52,bo,b43fab205f01,True,1,1,1,0,7.0,1.0029,0.824,10,10011001111111,27.03,0.735,1.254,67,7,19.000001907348633,0.06618364581516135,0.07265421217280392,0.9109402446997472,local
bo,53,bo,3ee064bea309,True,0.9,0.9,1,0,6.6,1.0109,0.812,9,10011100011111,29.64,0.751,1.361,128,6,18.000001907348633,0.06506554165902663,0.07158662073184108,0.9089064547795601,local
bo,54,bo,6c2289ed72df,True,1,1,1,0,7.7,1.0054,0.820,11,10011101111111,27.38,0.757,1.328,99,7,19.000001907348633,0.06450850113583308,0.0694243209780318,0.9291916755836293,local
bo,55,bo,dcca7c5cd3b1,True,1,1,1,0,7.2,1.0143,0.870,10,10111001110111,26.19,0.691,1.213,30,7,16.0,0.0568026039328435,0.061507659560676574,0.923504557620314,local
bo,56,bo,e2012bebb22a,True,0.8,0.9411764705882353,0.85,0,6.352941176470588,1.0148,0.830,8,10111000010111,27.75,0.683,1.290,30,6,18.000001907348633,0.051265742855895274,0.05658684147211569,0.9059657956197732,local
bo,57,bo,68292a84a9d8,True,1,1,1,0,7.05,1.0107,0.856,9,10011001110111,25.99,0.706,1.144,31,7,17.0,0.043675179122793104,0.047261909501418946,0.9241094907830976,local
bo,58,bo,16d8379712d2,True,1,1,1,0,6.4,1.0067,0.840,10,10111001011111,26.13,0.685,1.294,67,6,18.000001907348633,0.04192924295916909,0.045790330369294814,0.9156789789681269,local
bo,59,bo,aa01989d8ab0,True,0.95,1,0.95,0,6.578947368421052,1.0046,0.813,10,10110001111111,29.27,0.706,1.224,96,6,19.000001907348633,0.040468223876588605,0.042619916193315566,0.9495143935298392,local
bo,60,bo,3a2235a57c4f,False,None,None,None,None,None,0.9911,0.800,10,11011001110111,23.94,0.685,1.170,-1,5,22.000001907348633,0.03891317609326671,0.041111855274138714,0.9465195825824216,local
bo,61,bo,3ce816d3ab67,True,0.85,0.8947368421052632,0.95,0,6.105263157894737,1.0185,0.851,9,10101001011111,29.57,0.653,1.227,94,6,16.0,0.037582183089959004,0.04366665330487844,0.8606609448075179,local
bo,62,bo,2f8afd18746f,True,1,1,1,0,7.45,0.9969,0.800,11,10111101110111,27.34,0.706,1.265,128,6,21.000001907348633,0.036731492773424905,0.04107511464134552,0.8942517408448472,local
bo,63,bo,10fac4d98ac0,True,0.95,1,0.95,0,6.473684210526316,1.0136,0.845,8,10011000111011,27.96,0.779,1.347,66,6,17.0,0.03743280473198269,0.04245624324424532,0.8816796275788361,local
bo,64,bo,5cd54995bff5,True,0.8333333333333334,0.8771929824561403,0.95,0,6.473684210526316,0.9965,0.800,10,10001101111111,29.04,0.738,1.247,125,6,21.000001907348633,0.03670010895002845,0.04551813580770557,0.8062744288358057,local
bo,65,bo,0230dab113c2,True,0.9833333333333333,0.9833333333333333,1,0,6.95,1.0211,0.853,9,10011000111111,27.43,0.753,1.300,67,6,16.0,0.03701012825859209,0.042478147391781296,0.8712745383465766,local
bo,66,bo,4b460d29f3e4,True,0.95,1,0.95,0,6.105263157894737,1.0034,0.807,7,10001001110011,23.71,0.730,1.117,126,6,20.000001907348633,0.03691070221975769,0.04600767167778229,0.8022727704688944,local
bo,67,bo,e6220603663c,True,1,1,1,0,6.55,1.0147,0.847,10,10111001111110,28.48,0.702,1.205,97,6,17.0,0.03633764540703377,0.04139874482941715,0.8777475152148319,local
bo,68,bo,e1ef6fe0f9ad,False,None,None,None,None,None,0.9933,0.806,8,10011001110110,26.52,0.707,1.160,-1,5,21.000001907348633,0.036596962900173315,0.04160903285732297,0.8795437045043561,local
bo,69,bo,645e561158b9,True,1,1,1,0,6.65,1.0171,0.823,10,10111001101111,28.73,0.715,1.269,97,6,17.0,0.03421113899292657,0.04393168162689655,0.7787350205137898,local
bo,70,bo,618ed6e783e3,True,1,1,1,0,7.35,1.0241,0.874,11,10111001111111,28.63,0.699,1.254,67,7,15.000001907348633,0.03464696685698447,0.03769308620437675,0.9191862579021566,local
bo,71,bo,fde299d2dec7,True,1,1,1,0,7.5,1.0084,0.816,10,10011101101111,28.90,0.756,1.347,128,6,19.000001907348633,0.033562320360966846,0.04144954595998876,0.8097150302530346,local
bo,72,bo,e24611b4ca25,True,0.9,0.9,1,0,6.95,1.0131,0.869,10,10011101111110,28.60,0.747,1.244,128,6,16.0,0.03406143796231958,0.041991610999898635,0.8111486354358207,local
bo,73,bo,31c04f49fd39,False,None,None,None,None,None,0.9935,0.822,8,10011001011101,25.16,0.732,1.318,-1,4,40.99998474121094,0.034050085602915815,0.03867971198193272,0.8803086646255432,local
bo,74,bo,842a5fb260cb,True,0.9666666666666667,0.9666666666666667,1,0,7.6,1.0171,0.827,10,10111101100111,28.54,0.704,1.282,128,6,17.0,0.03431040786128553,0.04416300765817924,0.7769037862377348,local
bo,75,bo,4354a997a28d,True,0.95,0.95,1,0,6.6,1.0009,0.811,8,10011101001011,26.75,0.780,1.376,128,6,20.000001907348633,0.03308139362685678,0.0360130797133665,0.9185938522935709,local
bo,76,bo,31c7e5c22c00,False,None,None,None,None,None,1.0186,0.856,8,10010001101111,28.87,0.737,1.234,-1,4,16.0,0.03210985087746659,0.03932477866352468,0.816529729314148,local
bo,77,bo,6731f91ac4f6,False,None,None,None,None,None,1.0062,0.837,8,10011001001111,26.59,0.733,1.268,-1,5,18.000001907348633,0.030641531005990777,0.04143799898743056,0.7394548905531204,local
bo,78,bo,0e24354af69d,False,None,None,None,None,None,0.9232,0.974,9,10011001011111,28.50,0.735,1.310,-1,5,25.000001907348633,0.030607971423804416,0.03782971728520927,0.8090986034350189,global
bo,79,bo,5a00b519e26c,True,0.85,1,0.85,0,6.0588235294117645,1.0155,0.841,10,11101001110111,25.98,0.635,1.085,96,6,17.0,0.03307529673942916,0.04361165209936518,0.7584050396456,local
bo,80,bo,a079bcf30b7f,True,1,1,1,0,7.6,1.0228,0.856,10,10111101110011,26.70,0.716,1.332,98,7,16.0,0.0309220928623461,0.033188791580366396,0.9317028849172919,local
bo,81,bo,4c1ac85fdfa5,False,None,None,None,None,None,1.0028,0.820,9,10111101110001,26.54,0.726,1.364,-1,4,39.9999885559082,0.03242059229858601,0.0382881690850467,0.8467522232931151,local
bo,82,bo,ecd3ba767283,False,None,None,None,None,None,1.0034,1.150,11,10111001111111,25.15,0.673,1.076,-1,5,6.000000476837158,0.03187353739937542,0.035989963329671054,0.8856229473592727,global
bo,83,bo,e95782964f31,True,0.9833333333333333,0.9833333333333333,1,0,6.8,1.0251,0.842,10,10111001111011,26.30,0.720,1.288,66,7,16.0,0.02802346556696871,0.03057113837410306,0.9166641171173235,local
bo,84,bo,04fb5cf0e7ec,True,1,1,1,0,7.35,0.9959,1.014,10,10011001111111,28.07,0.719,1.270,92,6,14.000000953674316,0.03652219390493514,0.05312706118920858,0.6874499188815228,global
bo,85,bo,4ae1bebdad89,True,0.9833333333333333,0.9833333333333333,1,0,8.4,1.0707,0.909,11,11011001111111,22.89,0.653,1.200,67,7,6.000000476837158,0.027240517595990745,0.03506954376253288,0.7767571138206137,global
bo,86,bo,24cf2b7c4619,False,None,None,None,None,None,1.0568,1.168,11,10011101111111,24.46,0.718,1.124,-1,5,0.0,0.028830949623420928,0.037442105112268344,0.7700141201188533,global
bo,87,bo,cc2bf41ce630,True,0.9833333333333333,0.9833333333333333,1,0,7.35,1.0805,1.119,12,11011101111111,27.63,0.582,1.336,95,6,0.0,0.028944306805288735,0.036336667996298117,0.7965591894181796,global
bo,88,bo,6c25f52adffe,True,1,1,1,0,6.3,1.0121,0.818,8,10011001001111,26.68,0.724,1.327,97,6,18.000001907348633,0.026306605242733167,0.038578607793692744,0.6818961789241669,local
bo,89,bo,4c7270f37e43,False,None,None,None,None,None,0.9783,1.073,10,10111100110111,25.31,0.609,1.047,-1,5,14.000000953674316,0.030097329672199358,0.04421055976874675,0.6807724179388407,global
bo,90,bo,5dd5635d18a3,True,1,1,1,0,7.45,1.0164,0.872,10,10011001111111,25.42,0.718,1.242,67,6,16.0,0.02946234324027704,0.040451616232718014,0.7283353790063734,local
bo,91,bo,2bf163951a39,True,1,1,1,0,6.5,1.0281,0.853,8,10111001110010,25.99,0.698,1.195,97,6,15.000001907348633,0.030166407307651417,0.03742561864283486,0.8060363035155006,local
bo,92,bo,0349a1b29d81,True,1,1,1,0,7.8,1.0748,1.049,11,10111101110111,28.58,0.560,1.431,29,8,1.0,0.030658699774428057,0.03908115052554876,0.7844881576448308,global
bo,93,bo,1b065a90a74f,False,None,None,None,None,None,1.0111,0.848,10,10111101111001,27.73,0.743,1.396,-1,4,38.9999885559082,0.027676298127234895,0.039825524623591506,0.6949386954425767,local
bo,94,bo,73f7b4c10a8e,True,1,1,1,0,7.3,1.0341,0.900,10,10111001111011,26.81,0.694,1.429,30,8,12.000000953674316,0.024963516932851256,0.03405875260202403,0.7329545278580676,global
bo,95,bo,f99e6d794189,True,1,1,1,0,6.9,0.9568,0.887,8,10011001110011,26.20,0.682,1.204,28,7,24.000001907348633,0.028657352395317085,0.03354742827480825,0.8542339567899675,global
bo,96,bo,7c1dd34cb1f0,True,0.9833333333333333,0.9833333333333333,1,0,7.55,0.9491,0.862,9,10111001110011,23.27,0.642,1.232,93,6,26.000001907348633,0.028139060918730082,0.03451251825572835,0.8153291136342853,global
bo,97,bo,a4f8c794ee3e,True,0.85,1,0.85,0,6.235294117647059,1.0025,0.800,7,10011001100011,23.57,0.753,1.212,99,6,20.000001907348633,0.02845583771076841,0.03984600153498949,0.7141453750580427,local
bo,98,bo,e7c76cd18b8e,True,0.8,0.8,1,0,6.75,1.1413,1.163,9,11011001011011,30.11,0.663,1.454,92,6,0.0,0.030216876215925816,0.03408330101542213,0.8865595560199165,global
bo,99,bo,0cd012c18175,False,None,None,None,None,None,1.0143,0.870,10,10111101001111,28.15,0.717,1.346,-1,5,16.0,0.03257936183685461,0.0414899483349065,0.7852350543768887,local
bo,100,bo,f15f0670e267,True,1,1,1,0,6.75,1.0136,0.834,10,10111101001111,27.84,0.709,1.359,128,6,17.0,0.027349244014567394,0.04106080709846939,0.6660668882854688,local
random,1,,a6c39c4736de,True,0.5833333333333334,0.5833333333333334,1,0,8.0,1.0188,0.964,12,11111111110011,24.87,0.619,1.100,30,7,12.000000953674316,None,None,None,
random,2,,36255094f99a,False,None,None,None,None,None,1.0115,1.177,11,11101101011111,27.76,0.581,1.367,-1,4,4.0,None,None,None,
random,3,,215e98e8889d,True,1,1,1,0,8.4,1.0157,1.005,10,11111100110011,26.13,0.619,1.234,130,7,11.000000953674316,None,None,None,
random,4,,9e6132c8955e,False,None,None,None,None,None,0.9368,1.112,12,11101111111110,27.10,0.707,1.269,-1,5,18.000001907348633,None,None,None,
random,5,,a97eaf0b2e8a,True,0.6,0.6,1,0,6.75,1.0035,0.873,11,01011110111111,23.80,0.559,1.328,90,6,17.0,None,None,None,
random,6,,2bac14833c07,True,0.75,0.75,1,0,8.25,0.9105,0.890,12,10111111101111,26.90,0.683,1.175,128,6,30.000003814697266,None,None,None,
random,7,,5788e45238af,True,1,1,1,0,7.8,1.0386,1.051,12,01111101111111,23.56,0.659,1.606,128,6,6.000000476837158,None,None,None,
random,8,,d53faeacc886,True,0.7833333333333333,0.7833333333333333,1,0,8.15,0.9970,1.040,12,11101111011111,26.82,0.645,1.225,88,7,12.000000953674316,None,None,None,
random,9,,0b46d2a00c99,True,0.8666666666666667,0.8666666666666667,1,0,8.05,1.0116,0.962,12,11111111110110,20.46,0.586,1.112,32,7,13.000000953674316,None,None,None,
random,10,,6b6331e673dd,False,None,None,None,None,None,0.9962,1.006,10,11101001111101,27.52,0.712,1.253,-1,3,38.9999885559082,None,None,None,
random,11,,3aaa97cab51d,True,0.95,0.95,1,0,6.75,1.0850,1.101,13,01111111111111,26.60,0.649,1.097,132,6,0.0,None,None,None,
random,12,,18d4f5f49431,True,0.9,0.9,1,0,8.3,1.0415,1.059,13,11111111110111,26.68,0.617,1.110,135,7,6.000000476837158,None,None,None,
random,13,,4461ee698cd9,False,None,None,None,None,None,0.8989,0.851,12,11110111111101,28.26,0.699,1.319,-1,5,53.99996566772461,None,None,None,
random,14,,2eab766078f3,False,None,None,None,None,None,0.9792,0.852,11,11101111101101,29.34,0.677,1.292,-1,4,42.99998474121094,None,None,None,
random,15,,b83da2420feb,False,None,None,None,None,None,0.9901,1.072,12,11111111101110,20.58,0.659,1.388,-1,5,12.000000953674316,None,None,None,
random,16,,3fe1122be5fa,True,0.75,0.75,1,0,7.5,1.0432,1.176,12,10111111111110,27.98,0.606,1.005,67,7,0.0,None,None,None,
random,17,,50a0e779b0c1,False,None,None,None,None,None,0.8849,0.942,12,01110111111111,27.35,0.692,1.278,-1,5,32.0,None,None,None,
random,18,,483895f30bfb,False,None,None,None,None,None,1.0627,1.029,11,01111101111101,27.01,0.605,1.057,-1,4,27.000001907348633,None,None,None,
random,19,,b506bdbd8177,False,None,None,None,None,None,0.8779,0.826,11,01100111111111,22.77,0.696,1.175,-1,4,36.99999237060547,None,None,None,
random,20,,df260766d2c3,False,None,None,None,None,None,1.0253,1.033,9,01101111101001,22.83,0.713,1.089,-1,4,33.0,None,None,None,
random,21,,d1f5b49d7d29,True,0.7666666666666667,0.7666666666666667,1,0,8.65,1.0158,1.177,14,11111111111111,24.37,0.659,1.067,129,7,3.0,None,None,None,
random,22,,7e0ce53322cf,False,None,None,None,None,None,1.0459,0.848,9,11101001110101,24.53,0.687,1.419,-1,4,33.0,None,None,None,
random,23,,5f32f0c557d1,False,None,None,None,None,None,0.9669,0.890,11,00111111101111,28.32,0.695,1.336,-1,5,22.000001907348633,None,None,None,
random,24,,98151e73fe7a,True,0.5666666666666667,0.5666666666666667,1,0,6.65,1.0176,0.999,12,11101111111110,24.54,0.616,1.200,137,7,11.000000953674316,None,None,None,
random,25,,176b50cb9010,True,0.7666666666666666,0.7666666666666666,1,0,7.05,1.0594,1.126,11,10111111100111,29.06,0.656,1.269,135,6,0.0,None,None,None,
random,26,,858a883c70f9,True,0.9,0.9,1,0,9.05,0.8804,0.828,13,10111111111111,27.16,0.589,1.244,69,6,35.999996185302734,None,None,None,
random,27,,27c3daffe287,True,1,1,1,0,7.75,1.0172,0.914,12,11111001111111,28.00,0.589,1.151,147,6,14.000000953674316,None,None,None,
random,28,,b5eea10b2539,True,0.5333333333333333,0.5333333333333333,1,0,6.3,1.0325,0.991,10,10011011111110,31.95,0.740,1.167,138,6,10.000000953674316,None,None,None,
random,29,,ce275c0ad6d4,True,0.85,0.85,1,0,8.3,1.1043,1.108,14,11111111111111,29.70,0.632,1.286,140,7,0.0,None,None,None,
random,30,,a0664668cf01,True,1,1,1,0,7.4,1.1122,1.103,11,11101011111101,23.28,0.594,1.158,134,7,19.000001907348633,None,None,None,
random,31,,a4228a9d4e59,True,0.6,0.6,1,0,7.95,0.9511,0.876,13,11011111111111,29.27,0.706,1.179,67,7,26.000001907348633,None,None,None,
random,32,,1d8825aee02d,True,0.65,0.65,1,0,8.25,0.8823,0.853,12,11011110111111,25.78,0.681,1.271,32,7,34.999996185302734,None,None,None,
random,33,,f13cd89d47b5,True,0.7,0.7,1,0,7.75,1.0125,1.166,12,11111111110110,28.21,0.694,1.368,30,7,5.000000476837158,None,None,None,
random,34,,f27c2ebddbac,False,None,None,None,None,None,0.9909,1.193,11,00111111111101,23.42,0.620,1.326,-1,4,33.0,None,None,None,
random,35,,412534e33b14,False,None,None,None,None,None,0.9005,0.807,13,11111111111101,26.70,0.629,1.310,-1,5,54.999961853027344,None,None,None,
random,36,,8ed1b01fc68e,False,None,None,None,None,None,1.0368,1.104,9,01101111100110,28.81,0.707,1.294,-1,5,4.0,None,None,None,
random,37,,ea9b6511de34,False,None,None,None,None,None,0.9515,0.909,11,11011111110101,26.18,0.596,1.384,-1,5,45.999977111816406,None,None,None,
random,38,,4f03a97fe9ab,False,None,None,None,None,None,0.9757,0.971,12,10111111101111,23.94,0.710,1.047,-1,5,18.000001907348633,None,None,None,
random,39,,be5b5ade9cfd,False,None,None,None,None,None,0.9943,0.888,8,01101011001101,25.54,0.536,1.331,-1,3,39.9999885559082,None,None,None,
random,40,,a89ac08beb1e,False,None,None,None,None,None,1.0405,1.159,7,01010001100111,21.36,0.682,1.477,-1,2,1.0,None,None,None,
random,41,,d1103ef07f43,True,0.7833333333333333,0.7833333333333333,1,0,8.1,1.0657,1.183,14,11111111111111,27.50,0.656,1.239,136,7,0.0,None,None,None,
random,42,,421edcc6d3be,False,None,None,None,None,None,1.0431,1.159,9,11101100110101,23.32,0.661,1.293,-1,4,28.000001907348633,None,None,None,
random,43,,7b99561d9972,True,0.9,0.9,1,0,7.75,1.0171,1.139,13,11111111011111,23.19,0.696,1.546,33,8,5.000000476837158,None,None,None,
random,44,,5ca36a3fbda9,False,None,None,None,None,None,0.9878,0.970,11,11111001111101,24.11,0.631,1.409,-1,4,39.9999885559082,None,None,None,
random,45,,469330e6111c,False,None,None,None,None,None,0.9712,0.825,10,11111010101110,25.85,0.653,1.347,-1,5,22.000001907348633,None,None,None,
random,46,,d88739f0b07e,True,0.4166666666666667,0.43859649122807015,0.95,0,6.315789473684211,0.9870,1.013,10,11101111100011,27.62,0.743,1.132,89,7,15.000001907348633,None,None,None,
random,47,,d09f4917ade3,True,0.8833333333333333,0.8833333333333333,1,0,6.7,0.9290,0.811,11,10111010111111,28.40,0.671,1.432,69,7,30.000003814697266,None,None,None,
random,48,,f5ad8e486bcf,True,0.8,0.8,1,0,8.45,0.9617,0.860,13,11011111111111,30.16,0.658,1.169,67,6,23.000001907348633,None,None,None,
random,49,,6754dd4a5c80,False,None,None,None,None,None,0.9527,0.878,11,01011111111011,24.14,0.658,1.319,-1,5,24.000001907348633,None,None,None,
random,50,,2777a16921d1,False,None,None,None,None,None,1.0190,1.102,10,01100111111110,29.01,0.681,1.040,-1,5,7.000000476837158,None,None,None,
random,51,,ad7df29e5627,True,0.95,0.95,1,0,8.65,0.9968,0.821,14,11111111111111,23.60,0.658,1.155,68,8,20.000001907348633,None,None,None,
random,52,,de3d76d664fa,False,None,None,None,None,None,0.9310,0.979,10,10101101110111,28.15,0.729,1.420,-1,5,24.000001907348633,None,None,None,
random,53,,cfc1b228311e,True,0.9166666666666666,0.9166666666666666,1,0,7.7,0.9689,1.040,11,10011111111011,26.48,0.689,1.338,68,6,16.0,None,None,None,
random,54,,cccc26b72c06,True,0.9333333333333333,0.9333333333333333,1,0,8.5,1.0714,1.139,12,11111011011111,24.20,0.653,1.203,69,7,0.0,None,None,None,
random,55,,7f0fdd66ce19,True,0.8,0.8,1,0,8.95,1.0048,1.046,13,11111111011111,26.91,0.630,1.382,67,7,11.000000953674316,None,None,None,
random,56,,ad6d3b702e69,True,0.95,0.95,1,0,9.0,0.9299,1.114,13,11111110111111,26.38,0.659,1.290,130,6,19.000001907348633,None,None,None,
random,57,,845f92545e23,True,0.7833333333333333,0.8245614035087719,0.95,0.05263157894736842,7.421052631578948,0.9862,1.199,11,10101111111011,28.00,0.658,1.122,135,6,6.000000476837158,None,None,None,
random,58,,809e58eed66e,False,None,None,None,None,None,0.9576,0.803,9,10111110100101,27.37,0.600,1.264,-1,4,46.999977111816406,None,None,None,
random,59,,0e04635508b8,False,None,None,None,None,None,0.9924,1.172,8,01111011000101,23.52,0.593,1.097,-1,4,34.0,None,None,None,
random,60,,9b406e630a30,False,None,None,None,None,None,1.0009,0.949,10,01111101001111,29.14,0.613,1.342,-1,4,16.0,None,None,None,
random,61,,2cfa73288295,True,0.5833333333333334,0.5833333333333334,1,0,7.8,1.0349,0.856,13,11111111111101,26.92,0.621,1.370,133,6,34.999996185302734,None,None,None,
random,62,,7d0d626df130,False,None,None,None,None,None,0.8600,0.846,10,10011011111110,24.62,0.617,1.199,-1,5,38.9999885559082,None,None,None,
random,63,,9985fb662216,True,0.9666666666666667,0.9666666666666667,1,0,8.6,1.0906,0.985,12,11111100111111,22.74,0.567,1.374,127,7,1.0,None,None,None,
random,64,,c72846c105a9,True,0.75,0.75,1,0,8.6,0.8929,0.988,12,11111111011011,26.44,0.661,1.427,71,7,29.000003814697266,None,None,None,
random,65,,96f52fd0bd4f,False,None,None,None,None,None,0.9793,0.840,9,11000110011111,26.91,0.694,1.255,-1,5,22.000001907348633,None,None,None,
random,66,,7bdc7461b918,False,None,None,None,None,None,1.0092,1.188,10,11101101001111,28.63,0.706,1.281,-1,4,4.0,None,None,None,
random,67,,981a7870b6f5,True,0.9166666666666666,0.9166666666666666,1,0,6.5,0.9250,0.849,10,11110010101111,28.28,0.661,1.172,131,6,30.000003814697266,None,None,None,
random,68,,9340f4f8471d,True,0.6,0.6,1,0,7.35,0.9628,0.871,11,11110011110111,25.88,0.615,1.396,30,7,23.000001907348633,None,None,None,
random,69,,e9eefc1581e6,True,0.8,0.8,1,0,8.15,1.0289,1.076,12,11011111111011,26.04,0.677,1.199,128,7,6.000000476837158,None,None,None,
random,70,,1530bacfe69b,True,0.85,0.85,1,0,7.85,0.9803,0.853,11,11111011110011,30.67,0.704,1.223,29,7,21.000001907348633,None,None,None,
random,71,,7629a186ab8c,True,0.6,0.6666666666666666,0.9,0,6.388888888888889,0.9952,0.818,10,01111010111011,28.07,0.583,1.210,67,7,20.000001907348633,None,None,None,
random,72,,8ddb15e0589d,False,None,None,None,None,None,0.8386,0.807,10,11011101110101,22.28,0.697,1.362,-1,3,62.99995040893555,None,None,None,
random,73,,fa13f549e1f5,True,0.8,0.8,1,0,8.5,0.9340,0.821,13,11111111011111,24.26,0.671,1.175,69,7,28.000001907348633,None,None,None,
random,74,,fd507056d9a4,False,None,None,None,None,None,0.9846,0.955,8,11000101110101,24.11,0.611,1.046,-1,3,40.99998474121094,None,None,None,
random,75,,5f5cac2539ce,True,0.8833333333333333,0.8833333333333333,1,0,7.45,1.0365,1.004,11,11110111110011,25.83,0.712,1.140,30,8,9.000000953674316,None,None,None,
random,76,,8bef06c46936,True,0.8,0.8,1,0,7.85,0.9996,0.907,13,11110111111111,30.46,0.673,1.096,68,8,17.0,None,None,None,
random,77,,151a01d2c0ee,True,0.55,0.55,1,0.05,7.3,0.9626,0.861,12,10111111110111,24.74,0.631,1.167,30,7,23.000001907348633,None,None,None,
random,78,,c971dd648790,True,0.8333333333333334,0.8333333333333334,1,0,6.7,1.1252,1.170,11,10111010111111,26.94,0.656,1.029,134,7,0.0,None,None,None,
random,79,,95bc1c379c88,True,0.9,0.9,1,0,8.9,1.0004,1.070,13,11111110111111,27.01,0.726,1.503,135,6,11.000000953674316,None,None,None,
random,80,,de5d8bc7cb96,False,None,None,None,None,None,0.9261,1.132,9,00011110101111,25.90,0.629,1.289,-1,3,18.000001907348633,None,None,None,
random,81,,c42f419a9e1b,False,None,None,None,None,None,0.9310,1.113,9,01001110111011,28.07,0.629,1.161,-1,4,19.000001907348633,None,None,None,
random,82,,d0c7c80a3cf1,True,0.85,0.85,1,0,6.95,0.9348,0.927,12,01011111111111,27.65,0.648,1.276,69,6,25.000001907348633,None,None,None,
random,83,,6e39127a5d29,True,0.3333333333333333,0.3333333333333333,1,0,7.7,1.0172,1.027,12,11101111111110,24.38,0.657,1.314,138,7,10.000000953674316,None,None,None,
random,84,,04fe85a369ab,False,None,None,None,None,None,1.0073,1.082,9,11101110100110,29.10,0.628,1.359,-1,5,9.000000953674316,None,None,None,
random,85,,82b4a249e488,True,0.85,0.85,1,0,7.95,0.9892,0.896,12,11111011111011,24.36,0.591,1.232,68,7,18.000001907348633,None,None,None,
random,86,,75b60726976a,False,None,None,None,None,None,0.9681,0.919,10,11100101011111,28.13,0.718,1.150,-1,5,21.000001907348633,None,None,None,
random,87,,47701025a209,True,0.85,0.85,1,0,6.65,0.9432,0.824,11,11101011111011,26.30,0.610,1.487,87,8,28.000001907348633,None,None,None,
random,88,,1d4c20ace341,True,0.35,0.3888888888888889,0.9,0,6.444444444444445,0.9846,1.072,11,11111111100110,26.67,0.671,1.297,136,6,13.000000953674316,None,None,None,
random,89,,78d956809b2a,True,0.8333333333333334,0.8333333333333334,1,0.05,8.05,0.9483,0.868,13,11111111011111,24.93,0.582,1.338,67,7,25.000001907348633,None,None,None,
random,90,,62e5f93ec8ab,False,None,None,None,None,None,1.0245,1.076,8,11111000101001,33.93,0.615,1.367,-1,4,32.0,None,None,None,
random,91,,f9224da3d729,True,0.7333333333333333,0.7333333333333333,1,0,6.9,0.9918,0.923,9,11110010101011,29.00,0.611,1.209,143,6,17.0,None,None,None,
random,92,,410e3d6ea6f6,True,0.6,0.6,1,0,8.7,0.9947,1.017,14,11111111111111,25.00,0.576,1.348,69,7,14.000000953674316,None,None,None,
random,93,,35ecb34ae784,False,None,None,None,None,None,0.9955,0.991,11,01011111101111,30.12,0.636,1.224,-1,5,15.000001907348633,None,None,None,
random,94,,74c560d7099f,True,0.9333333333333333,0.9824561403508771,0.95,0,7.421052631578948,1.0426,0.875,11,10110101111111,29.39,0.631,1.501,93,7,12.000000953674316,None,None,None,
random,95,,85c5f06b5621,True,0.55,0.55,1,0,7.3,0.9544,1.128,11,11110011111011,29.17,0.670,1.317,135,6,15.000001907348633,None,None,None,
random,96,,d5f93b1d079e,True,0.8,0.8,1,0,8.25,1.0618,0.836,13,11111111111101,26.04,0.618,1.199,128,7,31.000003814697266,None,None,None,
random,97,,824f9d8c3be6,False,None,None,None,None,None,1.0705,1.138,10,01111110011101,25.16,0.655,1.334,-1,5,24.000001907348633,None,None,None,
random,98,,758ade9b886e,False,None,None,None,None,None,1.0245,1.128,10,10101111011101,28.15,0.734,1.381,-1,5,31.000003814697266,None,None,None,
random,99,,267a4bbeccea,False,None,None,None,None,None,1.0606,1.152,12,11011101111111,26.60,0.658,1.175,-1,4,0.0,None,None,None,
random,100,,0e9f62dd0976,True,0.75,0.75,1,0,7.95,0.9166,0.927,12,11011111011111,27.49,0.657,1.016,68,6,27.000001907348633,None,None,None,
