episode,seed,success,endReason,steps,transitionStep,stepsToLift,holdSteps,holdNeeded,pulses,maxPulseN,contacts,distinctFingers,thumb,palm,forearm,mass,perturbScale,mu,maxPenMm,gripTorqueMean,retShaping,retPhase,retHold,retBonus,retDrop,lenMean,lenIndex,lenMiddle,lenRing,lenPinky,lenThumb,kFingerMean,zetaMean,inertiaScaleMean,activeGroups,mask,handSpanRatio,dtMs,pulseStep1,pulseStep2,pulseStep3,lastPulseStep,pulseActiveAtDrop,head_mode,maxStepTimeout,academyStepAtBegin,phaseAtBegin,warmupSteps
1,4001,1,success,585,74,86,500,500,3,10.58,5,2,1,1,0,0.742,1.00,1.00,4.16,5.183,0.7552,0.10,0.200,1.00,0.00,1.094,1.108,1.178,1.037,0.962,1.183,2.010,0.677,1.068,10,11111011100011,1.043,10.0,282,147,268,282,0,deterministic,0,1,1,1
2,4002,1,success,606,85,107,500,500,3,19.55,6,2,1,1,0,1.784,1.00,1.00,2.29,5.090,0.9113,0.10,0.200,1.00,0.00,1.094,1.108,1.178,1.037,0.962,1.183,2.010,0.677,1.068,10,11111011100011,1.043,10.0,434,28,481,481,0,deterministic,0,586,6,1
3,4003,1,success,595,81,96,500,500,3,23.11,6,2,1,1,0,1.720,1.00,1.00,4.98,4.902,0.8758,0.10,0.200,1.00,0.00,1.094,1.108,1.178,1.037,0.962,1.183,2.010,0.677,1.068,10,11111011100011,1.043,10.0,315,122,338,338,0,deterministic,0,1192,2,1
4,4004,1,success,579,68,80,500,500,3,12.47,5,2,1,1,0,0.882,1.00,1.00,4.02,5.455,0.7849,0.10,0.200,1.00,0.00,1.094,1.108,1.178,1.037,0.962,1.183,2.010,0.677,1.068,10,11111011100011,1.043,10.0,229,291,315,315,0,deterministic,0,1787,7,1
5,4005,1,success,581,70,82,500,500,3,13.10,5,2,1,1,0,0.914,1.00,1.00,3.44,5.301,0.7826,0.10,0.200,1.00,0.00,1.094,1.108,1.178,1.037,0.962,1.183,2.010,0.677,1.068,10,11111011100011,1.043,10.0,494,300,370,494,0,deterministic,0,2366,6,1
6,4006,1,success,589,83,90,500,500,3,15.61,5,2,1,1,0,1.358,1.00,1.00,4.28,5.369,0.8912,0.10,0.200,1.00,0.00,1.094,1.108,1.178,1.037,0.962,1.183,2.010,0.677,1.068,10,11111011100011,1.043,10.0,135,209,354,354,0,deterministic,0,2947,7,1
7,4007,1,success,601,90,102,500,500,3,18.65,6,2,1,1,0,1.420,1.00,1.00,2.98,4.996,0.9069,0.10,0.200,1.00,0.00,1.094,1.108,1.178,1.037,0.962,1.183,2.010,0.677,1.068,10,11111011100011,1.043,10.0,184,76,299,299,0,deterministic,0,3536,6,1
8,4008,1,success,602,84,103,500,500,3,20.35,7,3,1,1,0,1.399,1.00,1.00,4.13,4.958,0.9182,0.10,0.200,1.00,0.00,1.094,1.108,1.178,1.037,0.962,1.183,2.010,0.677,1.068,10,11111011100011,1.043,10.0,429,312,53,429,0,deterministic,0,4137,7,1
9,4009,1,success,599,86,100,500,500,3,18.82,6,2,1,1,0,1.418,1.00,1.00,4.16,4.955,0.9147,0.10,0.200,1.00,0.00,1.094,1.108,1.178,1.037,0.962,1.183,2.010,0.677,1.068,10,11111011100011,1.043,10.0,398,371,295,398,0,deterministic,0,4739,9,1
10,4010,1,success,579,70,80,500,500,3,26.73,5,2,1,1,0,1.939,1.00,1.00,4.04,5.832,0.7665,0.10,0.200,1.00,0.00,1.094,1.108,1.178,1.037,0.962,1.183,2.010,0.677,1.068,10,11111011100011,1.043,10.0,157,70,356,356,0,deterministic,0,5338,8,1
11,4011,1,success,588,81,89,500,500,3,5.97,6,2,1,1,0,0.406,1.00,1.00,4.67,4.598,0.9098,0.10,0.200,1.00,0.00,1.094,1.108,1.178,1.037,0.962,1.183,2.010,0.677,1.068,10,11111011100011,1.043,10.0,480,443,89,480,0,deterministic,0,5917,7,1
12,4012,1,success,589,80,90,500,500,3,6.60,5,2,1,1,0,0.548,1.00,1.00,3.68,5.044,0.8909,0.10,0.200,1.00,0.00,1.094,1.108,1.178,1.037,0.962,1.183,2.010,0.677,1.068,10,11111011100011,1.043,10.0,470,397,275,470,0,deterministic,0,6505,5,1
13,4013,1,success,582,74,83,500,500,3,23.79,5,2,1,1,0,1.767,1.00,1.00,3.84,5.496,0.9027,0.10,0.200,1.00,0.00,1.094,1.108,1.178,1.037,0.962,1.183,2.010,0.677,1.068,10,11111011100011,1.043,10.0,133,2,333,333,0,deterministic,0,7094,4,1
14,4014,1,success,587,81,88,500,500,3,11.58,7,3,1,1,0,1.194,1.00,1.00,3.30,4.633,0.8704,0.10,0.200,1.00,0.00,1.094,1.108,1.178,1.037,0.962,1.183,2.010,0.677,1.068,10,11111011100011,1.043,10.0,468,24,148,468,0,deterministic,0,7676,6,1
15,4015,1,success,586,75,87,500,500,3,24.26,5,2,1,1,0,2.207,1.00,1.00,3.36,5.002,0.8860,0.10,0.200,1.00,0.00,1.094,1.108,1.178,1.037,0.962,1.183,2.010,0.677,1.068,10,11111011100011,1.043,10.0,57,218,446,446,0,deterministic,0,8263,3,1
16,4016,1,success,585,78,86,500,500,3,12.50,7,3,1,1,0,0.936,1.00,1.00,4.56,5.029,0.8743,0.10,0.200,1.00,0.00,1.094,1.108,1.178,1.037,0.962,1.183,2.010,0.677,1.068,10,11111011100011,1.043,10.0,293,462,127,462,0,deterministic,0,8849,9,1
17,4017,1,success,592,81,93,500,500,3,9.39,5,2,1,1,0,0.741,1.00,1.00,4.40,4.984,0.9138,0.10,0.200,1.00,0.00,1.094,1.108,1.178,1.037,0.962,1.183,2.010,0.677,1.068,10,11111011100011,1.043,10.0,437,320,378,437,0,deterministic,0,9434,4,1
18,4018,1,success,600,91,101,500,500,3,16.97,5,2,1,1,0,1.342,1.00,1.00,4.61,5.007,0.9006,0.10,0.200,1.00,0.00,1.094,1.108,1.178,1.037,0.962,1.183,2.010,0.677,1.068,10,11111011100011,1.043,10.0,240,420,162,420,0,deterministic,0,10026,6,1
19,4019,1,success,605,95,106,500,500,3,12.90,5,2,1,1,0,1.122,1.00,1.00,1.94,5.331,0.9114,0.10,0.200,1.00,0.00,1.094,1.108,1.178,1.037,0.962,1.183,2.010,0.677,1.068,10,11111011100011,1.043,10.0,288,413,489,489,0,deterministic,0,10626,6,1
20,4020,1,success,586,77,87,500,500,3,13.38,5,2,1,1,0,0.963,1.00,1.00,3.24,4.927,0.8560,0.10,0.200,1.00,0.00,1.094,1.108,1.178,1.037,0.962,1.183,2.010,0.677,1.068,10,11111011100011,1.043,10.0,17,432,493,493,0,deterministic,0,11231,1,1
21,4021,1,success,579,66,80,500,500,3,13.14,5,2,1,1,0,1.143,1.00,1.00,3.69,5.280,0.8003,0.10,0.200,1.00,0.00,1.094,1.108,1.178,1.037,0.962,1.183,2.010,0.677,1.068,10,11111011100011,1.043,10.0,404,411,488,488,0,deterministic,0,11817,7,1
22,4022,1,success,592,77,93,500,500,3,21.08,5,2,1,1,0,2.082,1.00,1.00,4.62,5.058,0.8831,0.10,0.200,1.00,0.00,1.094,1.108,1.178,1.037,0.962,1.183,2.010,0.677,1.068,10,11111011100011,1.043,10.0,281,218,208,281,0,deterministic,0,12396,6,1
23,4023,1,success,589,74,90,500,500,3,8.77,5,2,1,1,0,0.615,1.00,1.00,3.92,5.948,0.8765,0.10,0.200,1.00,0.00,1.094,1.108,1.178,1.037,0.962,1.183,2.010,0.677,1.068,10,11111011100011,1.043,10.0,124,428,30,428,0,deterministic,0,12988,8,1
24,4024,1,success,609,107,110,500,500,3,5.74,6,3,1,1,0,0.405,1.00,1.00,6.43,4.056,0.8529,0.10,0.200,1.00,0.00,1.094,1.108,1.178,1.037,0.962,1.183,2.010,0.677,1.068,10,11111011100011,1.043,10.0,208,99,454,454,0,deterministic,0,13577,7,1
25,4025,0,drop,164,105,109,55,500,0,0.00,4,3,1,0,0,2.860,1.00,1.00,3.65,0.517,0.8413,0.10,0.200,0.00,-0.20,1.094,1.108,1.178,1.037,0.962,1.183,2.010,0.677,1.068,10,11111011100011,1.043,10.0,494,409,111,-1,0,deterministic,0,14186,6,1
26,4026,0,drop,53,43,-1,0,500,0,0.00,2,2,0,0,0,2.129,1.00,1.00,3.78,0.482,0.3079,0.10,0.000,0.00,-0.20,1.094,1.108,1.178,1.037,0.962,1.183,2.010,0.677,1.068,10,11111011100011,1.043,10.0,-1,-1,-1,-1,0,deterministic,0,14350,0,1
27,4027,1,success,618,112,119,500,500,3,12.94,6,2,1,1,0,0.963,1.00,1.00,4.30,5.007,0.8831,0.10,0.200,1.00,0.00,1.094,1.108,1.178,1.037,0.962,1.183,2.010,0.677,1.068,10,11111011100011,1.043,10.0,274,169,170,274,0,deterministic,0,14403,3,1
28,4028,1,success,586,76,87,500,500,3,20.03,7,2,1,1,0,1.425,1.00,1.00,3.52,5.260,0.8964,0.10,0.200,1.00,0.00,1.094,1.108,1.178,1.037,0.962,1.183,2.010,0.677,1.068,10,11111011100011,1.043,10.0,472,229,31,472,0,deterministic,0,15021,1,1
29,4029,1,success,591,76,92,500,500,3,26.89,6,2,1,1,0,1.981,1.00,1.00,4.12,5.191,0.9047,0.10,0.200,1.00,0.00,1.094,1.108,1.178,1.037,0.962,1.183,2.010,0.677,1.068,10,11111011100011,1.043,10.0,63,252,246,252,0,deterministic,0,15607,7,1
30,4030,1,success,586,77,87,500,500,3,7.46,7,3,1,1,0,0.544,1.00,1.00,4.03,4.966,0.8516,0.10,0.200,1.00,0.00,1.094,1.108,1.178,1.037,0.962,1.183,2.010,0.677,1.068,10,11111011100011,1.043,10.0,214,105,174,214,0,deterministic,0,16198,8,1
31,4031,1,success,603,92,104,500,500,3,6.32,5,1,1,1,0,0.640,1.00,1.00,3.26,4.960,0.9230,0.10,0.200,1.00,0.00,1.094,1.108,1.178,1.037,0.962,1.183,2.010,0.677,1.068,10,11111011100011,1.043,10.0,69,318,373,373,0,deterministic,0,16784,4,1
32,4032,1,success,589,74,90,500,500,3,17.95,5,2,1,1,0,1.810,1.00,1.00,3.26,5.121,0.8270,0.10,0.200,1.00,0.00,1.094,1.108,1.178,1.037,0.962,1.183,2.010,0.677,1.068,10,11111011100011,1.043,10.0,138,166,494,494,0,deterministic,0,17387,7,1
33,4033,1,success,594,76,95,500,500,3,34.71,4,2,1,1,0,2.746,1.00,1.00,4.46,4.094,0.8846,0.10,0.200,1.00,0.00,1.094,1.108,1.178,1.037,0.962,1.183,2.010,0.677,1.068,10,11111011100011,1.043,10.0,234,5,266,266,0,deterministic,0,17976,6,1
34,4034,1,success,575,65,76,500,500,3,6.11,5,2,1,1,0,0.449,1.00,1.00,3.37,4.690,0.8193,0.10,0.200,1.00,0.00,1.094,1.108,1.178,1.037,0.962,1.183,2.010,0.677,1.068,10,11111011100011,1.043,10.0,487,452,63,487,0,deterministic,0,18570,0,1
35,4035,1,success,590,76,91,500,500,3,10.61,6,2,1,1,0,0.809,1.00,1.00,2.43,4.863,0.8561,0.10,0.200,1.00,0.00,1.094,1.108,1.178,1.037,0.962,1.183,2.010,0.677,1.068,10,11111011100011,1.043,10.0,272,2,170,272,0,deterministic,0,19145,5,1
36,4036,1,success,595,77,96,500,500,3,11.40,5,2,1,1,0,0.862,1.00,1.00,3.43,5.279,0.7444,0.10,0.200,1.00,0.00,1.094,1.108,1.178,1.037,0.962,1.183,2.010,0.677,1.068,10,11111011100011,1.043,10.0,264,151,93,264,0,deterministic,0,19735,5,1
37,4037,1,success,584,76,85,500,500,3,31.32,6,3,1,1,0,2.464,1.00,1.00,3.11,4.826,0.8602,0.10,0.200,1.00,0.00,1.094,1.108,1.178,1.037,0.962,1.183,2.010,0.677,1.068,10,11111011100011,1.043,10.0,382,394,412,412,0,deterministic,0,20330,0,1
38,4038,1,success,603,88,104,500,500,3,14.06,7,3,1,1,0,1.098,1.00,1.00,4.53,4.854,0.9161,0.10,0.200,1.00,0.00,1.094,1.108,1.178,1.037,0.962,1.183,2.010,0.677,1.068,10,11111011100011,1.043,10.0,209,222,259,259,0,deterministic,0,20914,4,1
39,4039,1,success,579,71,80,500,500,3,15.38,5,2,1,1,0,1.124,1.00,1.00,3.93,5.062,0.8995,0.10,0.200,1.00,0.00,1.094,1.108,1.178,1.037,0.962,1.183,2.010,0.677,1.068,10,11111011100011,1.043,10.0,82,39,354,354,0,deterministic,0,21517,7,1
40,4040,1,success,580,74,81,500,500,3,28.32,5,2,1,1,0,2.226,1.00,1.00,2.71,5.112,0.9003,0.10,0.200,1.00,0.00,1.094,1.108,1.178,1.037,0.962,1.183,2.010,0.677,1.068,10,11111011100011,1.043,10.0,105,207,350,350,0,deterministic,0,22096,6,1
41,4041,1,success,598,88,99,500,500,3,5.92,6,2,1,1,0,0.422,1.00,1.00,4.23,4.762,0.9120,0.10,0.200,1.00,0.00,1.094,1.108,1.178,1.037,0.962,1.183,2.010,0.677,1.068,10,11111011100011,1.043,10.0,185,288,486,486,0,deterministic,0,22676,6,1
42,4042,1,success,592,78,93,500,500,3,6.70,6,2,1,1,0,0.487,1.00,1.00,3.35,4.880,0.8609,0.10,0.200,1.00,0.00,1.094,1.108,1.178,1.037,0.962,1.183,2.010,0.677,1.068,10,11111011100011,1.043,10.0,191,448,429,448,0,deterministic,0,23274,4,1
43,4043,1,success,589,76,90,500,500,3,15.70,5,2,1,1,0,1.279,1.00,1.00,2.79,5.149,0.7890,0.10,0.200,1.00,0.00,1.094,1.108,1.178,1.037,0.962,1.183,2.010,0.677,1.068,10,11111011100011,1.043,10.0,457,241,284,457,0,deterministic,0,23866,6,1
44,4044,1,success,600,86,101,500,500,3,7.89,6,2,1,1,0,0.560,1.00,1.00,5.37,5.146,0.8610,0.10,0.200,1.00,0.00,1.094,1.108,1.178,1.037,0.962,1.183,2.010,0.677,1.068,10,11111011100011,1.043,10.0,231,299,406,406,0,deterministic,0,24455,5,1
45,4045,1,success,603,92,104,500,500,3,31.44,5,2,1,1,0,2.578,1.00,1.00,4.88,4.907,0.8848,0.10,0.200,1.00,0.00,1.094,1.108,1.178,1.037,0.962,1.183,2.010,0.677,1.068,10,11111011100011,1.043,10.0,64,267,492,492,0,deterministic,0,25055,5,1
46,4046,1,success,596,87,97,500,500,3,11.17,6,2,1,1,0,0.924,1.00,1.00,4.35,5.043,0.8963,0.10,0.200,1.00,0.00,1.094,1.108,1.178,1.037,0.962,1.183,2.010,0.677,1.068,10,11111011100011,1.043,10.0,409,157,383,409,0,deterministic,0,25658,8,1
47,4047,1,success,582,71,83,500,500,3,8.00,6,3,1,1,0,0.561,1.00,1.00,3.19,4.732,0.8888,0.10,0.200,1.00,0.00,1.094,1.108,1.178,1.037,0.962,1.183,2.010,0.677,1.068,10,11111011100011,1.043,10.0,46,91,375,375,0,deterministic,0,26254,4,1
48,4048,1,success,601,88,102,500,500,3,42.79,7,3,1,1,0,2.963,1.00,1.00,4.04,4.877,0.9156,0.10,0.200,1.00,0.00,1.094,1.108,1.178,1.037,0.962,1.183,2.010,0.677,1.068,10,11111011100011,1.043,10.0,430,461,150,461,0,deterministic,0,26836,6,1
49,4049,1,success,588,76,89,500,500,3,7.38,5,2,1,1,0,0.518,1.00,1.00,4.39,5.261,0.6836,0.10,0.200,1.00,0.00,1.094,1.108,1.178,1.037,0.962,1.183,2.010,0.677,1.068,10,11111011100011,1.043,10.0,419,363,132,419,0,deterministic,0,27437,7,1
50,4050,1,success,579,68,80,500,500,3,8.89,5,2,1,1,0,0.834,1.00,1.00,4.37,5.390,0.7474,0.10,0.200,1.00,0.00,1.094,1.108,1.178,1.037,0.962,1.183,2.010,0.677,1.068,10,11111011100011,1.043,10.0,12,280,209,280,0,deterministic,0,28025,5,1
51,4051,1,success,589,86,90,500,500,3,6.80,6,2,1,1,0,0.478,1.00,1.00,3.86,4.288,0.9108,0.10,0.200,1.00,0.00,1.094,1.108,1.178,1.037,0.962,1.183,2.010,0.677,1.068,10,11111011100011,1.043,10.0,323,299,353,353,0,deterministic,0,28604,4,1
52,4052,1,success,593,80,94,500,500,3,22.19,6,2,1,1,0,2.345,1.00,1.00,4.28,5.398,0.8933,0.10,0.200,1.00,0.00,1.094,1.108,1.178,1.037,0.962,1.183,2.010,0.677,1.068,10,11111011100011,1.043,10.0,143,426,199,426,0,deterministic,0,29193,3,1
53,4053,1,success,578,69,79,500,500,3,19.06,5,2,1,1,0,1.546,1.00,1.00,3.60,5.236,0.8790,0.10,0.200,1.00,0.00,1.094,1.108,1.178,1.037,0.962,1.183,2.010,0.677,1.068,10,11111011100011,1.043,10.0,54,65,299,299,0,deterministic,0,29786,6,1
54,4054,1,success,596,80,97,500,500,3,11.26,6,3,1,1,0,0.824,1.00,1.00,4.35,5.376,0.7813,0.10,0.200,1.00,0.00,1.094,1.108,1.178,1.037,0.962,1.183,2.010,0.677,1.068,10,11111011100011,1.043,10.0,212,84,308,308,0,deterministic,0,30364,4,1
55,4055,1,success,575,64,76,500,500,3,6.99,6,2,1,1,0,0.559,1.00,1.00,4.15,4.875,0.8816,0.10,0.200,1.00,0.00,1.094,1.108,1.178,1.037,0.962,1.183,2.010,0.677,1.068,10,11111011100011,1.043,10.0,244,424,100,424,0,deterministic,0,30960,0,1
56,4056,1,success,590,81,91,500,500,3,14.59,7,3,1,1,0,1.391,1.00,1.00,3.96,4.922,0.9084,0.10,0.200,1.00,0.00,1.094,1.108,1.178,1.037,0.962,1.183,2.010,0.677,1.068,10,11111011100011,1.043,10.0,354,138,271,354,0,deterministic,0,31535,5,1
57,4057,1,success,602,88,103,500,500,3,24.03,6,2,1,1,0,1.951,1.00,1.00,3.58,5.089,0.8933,0.10,0.200,1.00,0.00,1.094,1.108,1.178,1.037,0.962,1.183,2.010,0.677,1.068,10,11111011100011,1.043,10.0,269,192,239,269,0,deterministic,0,32125,5,1
58,4058,1,success,576,70,77,500,500,3,13.97,5,2,1,1,0,1.459,1.00,1.00,4.38,5.467,0.8073,0.10,0.200,1.00,0.00,1.094,1.108,1.178,1.037,0.962,1.183,2.010,0.677,1.068,10,11111011100011,1.043,10.0,196,82,23,196,0,deterministic,0,32727,7,1
59,4059,1,success,595,81,96,500,500,3,15.31,5,2,1,1,0,1.146,1.00,1.00,4.76,5.179,0.8772,0.10,0.200,1.00,0.00,1.094,1.108,1.178,1.037,0.962,1.183,2.010,0.677,1.068,10,11111011100011,1.043,10.0,480,45,29,480,0,deterministic,0,33303,3,1
60,4060,1,success,593,86,94,500,500,3,14.13,5,2,1,1,0,1.083,1.00,1.00,4.10,5.321,0.7775,0.10,0.200,1.00,0.00,1.094,1.108,1.178,1.037,0.962,1.183,2.010,0.677,1.068,10,11111011100011,1.043,10.0,452,333,338,452,0,deterministic,0,33898,8,1
61,4061,1,success,585,71,86,500,500,3,5.73,6,2,1,1,0,0.532,1.00,1.00,3.09,4.541,0.8160,0.10,0.200,1.00,0.00,1.094,1.108,1.178,1.037,0.962,1.183,2.010,0.677,1.068,10,11111011100011,1.043,10.0,224,102,29,224,0,deterministic,0,34491,1,1
62,4062,1,success,581,74,82,500,500,3,11.25,7,3,1,1,0,1.132,1.00,1.00,2.80,5.032,0.7646,0.10,0.200,1.00,0.00,1.094,1.108,1.178,1.037,0.962,1.183,2.010,0.677,1.068,10,11111011100011,1.043,10.0,28,487,154,487,0,deterministic,0,35076,6,1
63,4063,1,success,588,75,89,500,500,3,7.41,5,2,1,1,0,0.544,1.00,1.00,3.81,5.102,0.8285,0.10,0.200,1.00,0.00,1.094,1.108,1.178,1.037,0.962,1.183,2.010,0.677,1.068,10,11111011100011,1.043,10.0,221,302,291,302,0,deterministic,0,35657,7,1
64,4064,1,success,611,97,112,500,500,3,9.93,6,2,1,1,0,0.683,1.00,1.00,4.11,4.988,0.8826,0.10,0.200,1.00,0.00,1.094,1.108,1.178,1.037,0.962,1.183,2.010,0.677,1.068,10,11111011100011,1.043,10.0,338,481,367,481,0,deterministic,0,36245,5,1
65,4065,1,success,598,89,99,500,500,3,8.68,5,2,1,1,0,0.773,1.00,1.00,4.10,4.822,0.9028,0.10,0.200,1.00,0.00,1.094,1.108,1.178,1.037,0.962,1.183,2.010,0.677,1.068,10,11111011100011,1.043,10.0,297,486,311,486,0,deterministic,0,36856,6,1
66,4066,1,success,601,96,102,500,500,3,16.84,7,3,1,1,0,1.212,1.00,1.00,3.16,4.699,0.9059,0.10,0.200,1.00,0.00,1.094,1.108,1.178,1.037,0.962,1.183,2.010,0.677,1.068,10,11111011100011,1.043,10.0,154,45,141,154,0,deterministic,0,37454,4,1
67,4067,1,success,592,84,93,500,500,3,31.09,6,2,1,1,0,2.798,1.00,1.00,4.37,4.931,0.8886,0.10,0.200,1.00,0.00,1.094,1.108,1.178,1.037,0.962,1.183,2.010,0.677,1.068,10,11111011100011,1.043,10.0,247,2,148,247,0,deterministic,0,38055,5,1
68,4068,1,success,599,85,100,500,500,3,7.28,6,2,1,1,0,0.526,1.00,1.00,4.11,5.068,0.8930,0.10,0.200,1.00,0.00,1.094,1.108,1.178,1.037,0.962,1.183,2.010,0.677,1.068,10,11111011100011,1.043,10.0,350,168,272,350,0,deterministic,0,38647,7,1
69,4069,1,success,585,72,86,500,500,3,28.38,5,2,1,1,0,2.246,1.00,1.00,3.84,5.697,0.8687,0.10,0.200,1.00,0.00,1.094,1.108,1.178,1.037,0.962,1.183,2.010,0.677,1.068,10,11111011100011,1.043,10.0,366,334,332,366,0,deterministic,0,39246,6,1
70,4070,1,success,602,98,103,500,500,3,6.20,6,2,1,1,0,0.528,1.00,1.00,3.71,4.537,0.9100,0.10,0.200,1.00,0.00,1.094,1.108,1.178,1.037,0.962,1.183,2.010,0.677,1.068,10,11111011100011,1.043,10.0,353,232,87,353,0,deterministic,0,39831,1,1
71,4071,1,success,602,94,103,500,500,3,9.82,7,3,1,1,0,0.767,1.00,1.00,3.78,4.813,0.9205,0.10,0.200,1.00,0.00,1.094,1.108,1.178,1.037,0.962,1.183,2.010,0.677,1.068,10,11111011100011,1.043,10.0,52,466,434,466,0,deterministic,0,40433,3,1
72,4072,1,success,591,78,92,500,500,3,15.60,5,2,1,1,0,1.203,1.00,1.00,2.97,5.353,0.8034,0.10,0.200,1.00,0.00,1.094,1.108,1.178,1.037,0.962,1.183,2.010,0.677,1.068,10,11111011100011,1.043,10.0,3,35,309,309,0,deterministic,0,41035,5,1
73,4073,1,success,590,75,91,500,500,3,16.48,5,2,1,1,0,1.836,1.00,1.00,3.69,5.119,0.8511,0.10,0.200,1.00,0.00,1.094,1.108,1.178,1.037,0.962,1.183,2.010,0.677,1.068,10,11111011100011,1.043,10.0,18,371,123,371,0,deterministic,0,41626,6,1
74,4074,1,success,590,76,91,500,500,3,9.89,5,2,1,1,0,0.847,1.00,1.00,4.32,5.161,0.8587,0.10,0.200,1.00,0.00,1.094,1.108,1.178,1.037,0.962,1.183,2.010,0.677,1.068,10,11111011100011,1.043,10.0,238,146,169,238,0,deterministic,0,42216,6,1
75,4075,1,success,599,87,100,500,500,3,30.75,7,3,1,1,0,2.433,1.00,1.00,4.27,4.889,0.8952,0.10,0.200,1.00,0.00,1.094,1.108,1.178,1.037,0.962,1.183,2.010,0.677,1.068,10,11111011100011,1.043,10.0,8,65,364,364,0,deterministic,0,42806,6,1
76,4076,1,success,583,74,84,500,500,3,22.59,5,2,1,1,0,2.450,1.00,1.00,4.13,5.617,0.7742,0.10,0.200,1.00,0.00,1.094,1.108,1.178,1.037,0.962,1.183,2.010,0.677,1.068,10,11111011100011,1.043,10.0,416,154,218,416,0,deterministic,0,43405,5,1
77,4077,1,success,589,69,90,500,500,3,24.16,5,2,1,1,0,1.732,1.00,1.00,6.48,5.965,0.7231,0.10,0.200,1.00,0.00,1.094,1.108,1.178,1.037,0.962,1.183,2.010,0.677,1.068,10,11111011100011,1.043,10.0,80,363,188,363,0,deterministic,0,43988,8,1
78,4078,1,success,588,74,89,500,500,3,16.78,6,2,1,1,0,1.370,1.00,1.00,3.22,4.897,0.8782,0.10,0.200,1.00,0.00,1.094,1.108,1.178,1.037,0.962,1.183,2.010,0.677,1.068,10,11111011100011,1.043,10.0,247,359,492,492,0,deterministic,0,44577,7,1
79,4079,1,success,591,80,92,500,500,3,13.10,5,2,1,1,0,1.044,1.00,1.00,4.34,5.354,0.7121,0.10,0.200,1.00,0.00,1.094,1.108,1.178,1.037,0.962,1.183,2.010,0.677,1.068,10,11111011100011,1.043,10.0,174,88,478,478,0,deterministic,0,45165,5,1
80,4080,1,success,596,88,97,500,500,3,6.82,5,2,1,1,0,0.501,1.00,1.00,4.09,5.533,0.8451,0.10,0.200,1.00,0.00,1.094,1.108,1.178,1.037,0.962,1.183,2.010,0.677,1.068,10,11111011100011,1.043,10.0,261,464,232,464,0,deterministic,0,45756,6,1
81,4081,1,success,584,75,85,500,500,3,6.63,5,2,1,1,0,0.502,1.00,1.00,4.77,5.129,0.8344,0.10,0.200,1.00,0.00,1.094,1.108,1.178,1.037,0.962,1.183,2.010,0.677,1.068,10,11111011100011,1.043,10.0,184,144,270,270,0,deterministic,0,46352,2,1
82,4082,1,success,582,68,83,500,500,3,17.46,7,3,1,1,0,1.457,1.00,1.00,4.07,5.312,0.8818,0.10,0.200,1.00,0.00,1.094,1.108,1.178,1.037,0.962,1.183,2.010,0.677,1.068,10,11111011100011,1.043,10.0,384,101,303,384,0,deterministic,0,46936,6,1
83,4083,1,success,588,82,89,500,500,3,19.98,5,2,1,1,0,1.765,1.00,1.00,4.24,5.313,0.8727,0.10,0.200,1.00,0.00,1.094,1.108,1.178,1.037,0.962,1.183,2.010,0.677,1.068,10,11111011100011,1.043,10.0,413,442,417,442,0,deterministic,0,47518,8,1
84,4084,1,success,581,67,82,500,500,3,8.23,5,1,1,1,0,0.630,1.00,1.00,4.89,5.393,0.8518,0.10,0.200,1.00,0.00,1.094,1.108,1.178,1.037,0.962,1.183,2.010,0.677,1.068,10,11111011100011,1.043,10.0,23,198,163,198,0,deterministic,0,48106,6,1
85,4085,1,success,591,79,92,500,500,3,35.03,5,2,1,1,0,2.485,1.00,1.00,4.02,4.916,0.9141,0.10,0.200,1.00,0.00,1.094,1.108,1.178,1.037,0.962,1.183,2.010,0.677,1.068,10,11111011100011,1.043,10.0,96,337,270,337,0,deterministic,0,48687,7,1
86,4086,1,success,580,67,81,500,500,3,11.39,5,2,1,1,0,0.813,1.00,1.00,4.43,5.913,0.8549,0.10,0.200,1.00,0.00,1.094,1.108,1.178,1.037,0.962,1.183,2.010,0.677,1.068,10,11111011100011,1.043,10.0,452,319,343,452,0,deterministic,0,49278,8,1
87,4087,1,success,590,75,91,500,500,3,5.50,5,2,1,1,0,0.581,1.00,1.00,6.38,5.179,0.8947,0.10,0.200,1.00,0.00,1.094,1.108,1.178,1.037,0.962,1.183,2.010,0.677,1.068,10,11111011100011,1.043,10.0,209,44,63,209,0,deterministic,0,49858,8,1
88,4088,1,success,597,91,98,500,500,3,11.84,6,2,1,1,0,1.013,1.00,1.00,3.11,4.605,0.9134,0.10,0.200,1.00,0.00,1.094,1.108,1.178,1.037,0.962,1.183,2.010,0.677,1.068,10,11111011100011,1.043,10.0,386,371,67,386,0,deterministic,0,50448,8,1
89,4089,1,success,593,77,94,500,500,3,32.41,5,2,1,1,0,2.564,1.00,1.00,3.14,5.275,0.7097,0.10,0.200,1.00,0.00,1.094,1.108,1.178,1.037,0.962,1.183,2.010,0.677,1.068,10,11111011100011,1.043,10.0,135,481,407,481,0,deterministic,0,51045,5,1
90,4090,1,success,580,71,81,500,500,3,19.90,5,2,1,1,0,1.775,1.00,1.00,5.82,5.577,0.8401,0.10,0.200,1.00,0.00,1.094,1.108,1.178,1.037,0.962,1.183,2.010,0.677,1.068,10,11111011100011,1.043,10.0,281,370,212,370,0,deterministic,0,51638,8,1
91,4091,1,success,606,99,107,500,500,3,14.49,6,2,1,1,0,1.255,1.00,1.00,3.80,4.928,0.9155,0.10,0.200,1.00,0.00,1.094,1.108,1.178,1.037,0.962,1.183,2.010,0.677,1.068,10,11111011100011,1.043,10.0,274,28,226,274,0,deterministic,0,52218,8,1
92,4092,1,success,591,82,92,500,500,3,25.10,5,2,1,1,0,2.493,1.00,1.00,3.69,4.836,0.8869,0.10,0.200,1.00,0.00,1.094,1.108,1.178,1.037,0.962,1.183,2.010,0.677,1.068,10,11111011100011,1.043,10.0,326,469,69,469,0,deterministic,0,52824,4,1
93,4093,1,success,593,79,94,500,500,3,27.20,6,3,1,1,0,1.972,1.00,1.00,3.61,5.154,0.9025,0.10,0.200,1.00,0.00,1.094,1.108,1.178,1.037,0.962,1.183,2.010,0.677,1.068,10,11111011100011,1.043,10.0,209,348,286,348,0,deterministic,0,53415,5,1
94,4094,1,success,597,85,98,500,500,3,20.68,7,3,1,1,0,1.473,1.00,1.00,4.95,4.989,0.9036,0.10,0.200,1.00,0.00,1.094,1.108,1.178,1.037,0.962,1.183,2.010,0.677,1.068,10,11111011100011,1.043,10.0,416,186,123,416,0,deterministic,0,54008,8,1
95,4095,1,success,591,76,92,500,500,3,7.37,5,2,1,1,0,0.523,1.00,1.00,4.07,5.208,0.6501,0.10,0.200,1.00,0.00,1.094,1.108,1.178,1.037,0.962,1.183,2.010,0.677,1.068,10,11111011100011,1.043,10.0,41,23,33,41,0,deterministic,0,54605,5,1
96,4096,1,success,591,79,92,500,500,3,6.92,5,2,1,1,0,0.584,1.00,1.00,5.30,6.013,0.8465,0.10,0.200,1.00,0.00,1.094,1.108,1.178,1.037,0.962,1.183,2.010,0.677,1.068,10,11111011100011,1.043,10.0,124,284,405,405,0,deterministic,0,55196,6,1
97,4097,1,success,596,91,97,500,500,3,6.74,7,3,1,1,0,0.592,1.00,1.00,4.19,4.796,0.8714,0.10,0.200,1.00,0.00,1.094,1.108,1.178,1.037,0.962,1.183,2.010,0.677,1.068,10,11111011100011,1.043,10.0,430,362,247,430,0,deterministic,0,55787,7,1
98,4098,1,success,597,78,98,500,500,3,29.91,5,2,1,1,0,2.974,1.00,1.00,4.22,5.057,0.8930,0.10,0.200,1.00,0.00,1.094,1.108,1.178,1.037,0.962,1.183,2.010,0.677,1.068,10,11111011100011,1.043,10.0,276,181,421,421,0,deterministic,0,56383,3,1
99,4099,1,success,576,65,77,500,500,3,13.06,4,1,1,1,0,0.999,1.00,1.00,5.15,5.161,0.8746,0.10,0.200,1.00,0.00,1.094,1.108,1.178,1.037,0.962,1.183,2.010,0.677,1.068,10,11111011100011,1.043,10.0,114,479,122,479,0,deterministic,0,56980,0,1
100,4100,1,success,591,80,92,500,500,3,32.68,4,2,1,1,0,2.490,1.00,1.00,4.09,4.564,0.9112,0.10,0.200,1.00,0.00,1.094,1.108,1.178,1.037,0.962,1.183,2.010,0.677,1.068,10,11111011100011,1.043,10.0,247,400,252,400,0,deterministic,0,57556,6,1
DONE
