index,split,file,a1_mm,a2_mm,a3_mm,e1,e2,volume_cm3,mesh_volume_cm3,extent_x_mm,extent_y_mm,extent_z_mm,n_vertices,n_hull_vertices,n_triangles,max_convexity_violation_mm
0,anchor,obj_000.obj,25,25,140,0,1,549.779,549.779,50,280,50,(scene mesh),(scene mesh),(scene mesh),0
1,train,obj_001.obj,31.0471,24.7595,72.5523,1.33607,1.43982,156.276,148.297,62.0943,145.105,49.5189,114,114,224,-0.242438
2,train,obj_002.obj,21.884,35.0036,81.2205,0.61891,0.394785,391.088,369.738,43.768,162.441,70.0071,114,114,224,-0.274842
3,train,obj_003.obj,21.5886,16.9056,40.3569,0.607487,0.933821,78.8367,74.0709,43.1772,80.7139,33.8113,114,114,224,-0.385345
4,train,obj_004.obj,21.3508,37.4065,95.7717,1.45748,0.797695,255.523,241.912,42.7017,191.543,74.8131,114,114,224,-0.303233
5,train,obj_005.obj,16.1354,20.049,68.997,0.357489,1.28179,115.814,110.049,32.2707,137.994,40.0979,114,114,224,-0.438291
6,train,obj_006.obj,32.8045,30.3037,89.1557,0.397568,0.490368,601.385,570.923,65.6091,178.311,60.6073,114,114,224,-0.458809
7,train,obj_007.obj,34.4727,27.5366,42.6335,0.509964,0.580945,255.361,241.074,68.9455,85.267,55.0732,114,114,224,-0.29155
8,train,obj_008.obj,36.1948,29.3932,124.703,1.22639,1.32081,421.569,397.952,72.3896,249.407,58.7864,114,114,224,-0.416487
9,train,obj_009.obj,25.8113,17.3617,63.5041,1.24441,0.525099,119.562,112.841,51.6225,127.008,34.7234,114,114,224,-0.188868
10,train,obj_010.obj,32.7783,33.3633,58.0864,1.28893,0.790232,238.635,224.757,65.5565,116.173,66.7267,114,114,224,-0.396307
11,train,obj_011.obj,23.8612,18.5522,94.8317,1.22852,0.939772,155.548,146.263,47.7224,189.663,37.1045,114,114,224,-0.381306
12,train,obj_012.obj,36.3355,25.0596,127.482,1.46758,0.341803,437.996,418.107,72.6709,254.965,50.1193,114,114,224,-0.155883
13,train,obj_013.obj,33.3287,18.8119,79.0078,0.352407,1.42702,241.612,230.302,66.6574,158.016,37.6239,114,114,224,-0.414984
14,train,obj_014.obj,38.8416,19.1591,45.1025,0.772247,0.742781,176.274,165.307,77.6832,90.2051,38.3182,114,114,224,-0.324999
15,train,obj_015.obj,26.487,23.9662,98.0905,1.15154,0.585838,273.248,257.138,52.974,196.181,47.9323,114,114,224,-0.319349
16,train,obj_016.obj,35.4502,30.5591,130.626,1.38761,1.35196,398.098,377.643,70.9005,261.251,61.1181,114,114,224,-0.356602
17,train,obj_017.obj,23.9319,19.6135,113.47,1.0626,0.363297,261.725,247.249,47.8639,226.94,39.2271,114,114,224,-0.18639
18,train,obj_018.obj,33.1808,27.8809,44.1171,1.04876,1.06413,161.759,151.758,66.3617,88.2342,55.7619,114,114,224,-0.411966
19,train,obj_019.obj,35.5798,32.6924,60.6568,0.450351,0.416924,477.13,452.867,71.1595,121.314,65.3848,114,114,224,-0.294724
20,train,obj_020.obj,35.3466,15.0144,133.602,0.520992,0.988156,387.45,364.856,70.6931,267.203,30.0289,114,114,224,-0.606728
21,train,obj_021.obj,23.2252,29.6188,71.7771,0.465402,0.638185,312.382,295.073,46.4505,143.554,59.2376,114,114,224,-0.456872
22,train,obj_022.obj,36.1682,23.0191,62.5348,1.07655,1.38755,176.952,166.839,72.3363,125.07,46.0381,114,114,224,-0.295175
23,train,obj_023.obj,27.5188,29.948,55.9039,0.378754,0.695018,296.618,280.926,55.0376,111.808,59.896,114,114,224,-0.448116
24,train,obj_024.obj,35.6943,22.6585,53.1564,0.427607,1.20961,223.805,211.819,71.3886,106.313,45.3171,114,114,224,-0.46302
25,train,obj_025.obj,19.166,36.1661,72.4661,0.449315,0.871642,295.888,279.211,38.3319,144.932,72.3323,114,114,224,-0.576066
26,train,obj_026.obj,18.6762,29.8129,80.9491,0.843788,1.06215,202.2,189.56,37.3525,161.898,59.6258,114,114,224,-0.514265
27,train,obj_027.obj,23.9214,20.2058,41.4166,1.1233,0.765947,84.5104,79.3387,47.8428,82.8332,40.4116,114,114,224,-0.277826
28,train,obj_028.obj,18.0306,31.1548,99.0548,0.576014,1.18029,274.349,258.403,36.0612,198.11,62.3096,114,114,224,-0.559645
29,train,obj_029.obj,26.7321,38.5284,61.9045,1.23604,0.465207,273.622,258.522,53.4643,123.809,77.0569,114,114,224,-0.225053
30,train,obj_030.obj,28.6135,32.2084,59.6676,1.30365,1.18348,175.976,166.072,57.227,119.335,64.4168,114,114,224,-0.378744
31,train,obj_031.obj,23.7077,34.2774,138.006,1.21291,0.352373,501.558,475.117,47.4154,276.012,68.5548,114,114,224,-0.192395
32,train,obj_032.obj,36.5931,32.6017,99.1702,0.587797,1.15435,586.257,551.861,73.1862,198.34,65.2034,114,114,224,-0.785822
33,train,obj_033.obj,32.9181,18.7948,134.192,1.02106,1.02454,340.028,318.838,65.8362,268.385,37.5896,114,114,224,-0.519447
34,train,obj_034.obj,27.2488,19.574,113.013,1.17466,0.996509,226.408,212.705,54.4975,226.026,39.148,114,114,224,-0.452323
35,train,obj_035.obj,21.9369,16.2069,80.0501,1.02304,1.22942,107.102,100.64,43.8738,160.1,32.4139,114,114,224,-0.322593
36,train,obj_036.obj,22.7545,21.2159,106.303,0.881112,0.551042,268.716,252.469,45.509,212.605,42.4318,114,114,224,-0.342573
37,train,obj_037.obj,19.1759,32.6094,103.024,0.600299,1.11779,322.055,302.959,38.3517,206.047,65.2188,114,114,224,-0.627472
38,train,obj_038.obj,26.8016,37.9056,83.0988,0.925864,1.25832,332.922,312.809,53.6031,166.198,75.8112,114,114,224,-0.481684
39,train,obj_039.obj,16.2516,38.0648,124.852,0.541775,0.69657,463.557,436.594,32.5031,249.705,76.1297,114,114,224,-0.468887
40,train,obj_040.obj,21.7334,35.5383,105.031,0.882076,1.22816,332.521,312.28,43.4669,210.063,71.0766,114,114,224,-0.488608
41,train,obj_041.obj,17.9467,34.9507,90.2109,1.03143,0.537329,271.64,255.439,35.8934,180.422,69.9014,114,114,224,-0.251456
42,train,obj_042.obj,37.0193,20.8012,71.7261,0.338057,1.362,278.719,265.479,74.0387,143.452,41.6023,114,114,224,-0.461838
43,train,obj_043.obj,35.5817,23.3278,103.205,1.09016,1.19341,313.82,294.951,71.1633,206.409,46.6557,114,114,224,-0.457512
44,train,obj_044.obj,37.1331,39.4591,41.0014,1.0527,1.00865,242.752,227.672,74.2663,82.0028,78.9182,114,114,224,-0.441163
45,train,obj_045.obj,36.6881,20.3687,51.4842,0.399648,1.4932,178.89,170.442,73.3762,102.968,40.7374,114,114,224,-0.284952
46,train,obj_046.obj,36.6612,37.5359,67.8244,1.13462,0.587079,413.911,389.395,73.3223,135.649,75.0719,114,114,224,-0.365771
47,train,obj_047.obj,25.1908,23.331,58.7538,0.583824,0.520493,214.048,201.904,50.3815,117.508,46.662,114,114,224,-0.314931
48,train,obj_048.obj,38.2325,22.8724,51.3784,0.7034,0.633693,253.626,238.286,76.465,102.757,45.7448,114,114,224,-0.331664
49,train,obj_049.obj,29.3927,36.8234,102.894,0.635109,1.32827,500.706,472.109,58.7853,205.787,73.6468,114,114,224,-0.587925
50,train,obj_050.obj,31.8678,29.8783,95.0626,0.511731,0.683047,553.222,521.546,63.7357,190.125,59.7566,114,114,224,-0.62607
51,train,obj_051.obj,24.2807,21.0161,73.8038,0.593211,0.77555,214.837,201.97,48.5613,147.608,42.0322,114,114,224,-0.50465
52,train,obj_052.obj,25.1712,22.0496,49.7276,0.446352,0.75594,169.495,160.027,50.3424,99.4551,44.0992,114,114,224,-0.415046
53,train,obj_053.obj,37.3156,38.7897,99.7185,1.34065,1.15513,455.856,430.495,74.6313,199.437,77.5794,114,114,224,-0.542966
54,train,obj_054.obj,21.022,34.3781,55.6279,0.64511,0.869388,216.209,202.987,42.044,111.256,68.7562,114,114,224,-0.470668
55,train,obj_055.obj,24.427,37.6515,44.8838,1.28997,0.920873,147.883,139.254,48.854,89.7677,75.3029,114,114,224,-0.348708
56,train,obj_056.obj,31.9052,18.0719,89.0182,1.13732,0.896582,205.061,192.481,63.8104,178.036,36.1438,114,114,224,-0.380971
57,train,obj_057.obj,36.0668,16.9078,109.748,0.555857,0.412605,432.055,408.842,72.1336,219.496,33.8156,114,114,224,-0.279146
58,train,obj_058.obj,26.3577,37.3336,123.432,0.595613,1.30562,562.465,530.544,52.7154,246.864,74.6672,114,114,224,-0.635165
59,train,obj_059.obj,17.7752,28.0761,70.7467,0.358696,0.339133,251.863,240.489,35.5503,141.493,56.1522,114,114,224,-0.228116
60,train,obj_060.obj,22.2739,17.1504,78.4668,0.654106,1.44881,126.53,119.569,44.5479,156.934,34.3009,114,114,224,-0.305616
61,train,obj_061.obj,31.4434,29.5262,57.1055,1.29704,0.72763,202.313,190.664,62.8868,114.211,59.0525,114,114,224,-0.342913
62,train,obj_062.obj,17.2242,38.5611,130.952,1.03749,1.23196,324.045,304.544,34.4484,261.905,77.1222,114,114,224,-0.370424
63,train,obj_063.obj,16.7224,37.612,95.3287,0.89513,0.994164,268.105,251.222,33.4449,190.657,75.224,114,114,224,-0.48587
64,train,obj_064.obj,16.7025,38.8868,125.672,1.34072,0.732988,301.919,284.865,33.405,251.344,77.7736,114,114,224,-0.252751
65,heldout,obj_065.obj,36.285,22.4903,135.805,0.691103,0.465894,659.945,622.005,72.57,271.611,44.9806,114,114,224,-0.371304
66,heldout,obj_066.obj,22.1227,28.5414,87.7347,1.0502,0.639529,255.127,239.574,44.2455,175.469,57.0828,114,114,224,-0.344196
67,heldout,obj_067.obj,34.0966,24.391,55.6431,1.45499,0.555339,167.165,158.659,68.1931,111.286,48.782,114,114,224,-0.211607
68,heldout,obj_068.obj,32.9371,29.3439,67.1749,1.49648,1.32816,171.185,162.94,65.8742,134.35,58.6878,114,114,224,-0.287167
69,heldout,obj_069.obj,17.6703,29.2997,60.4421,1.10574,1.01451,122.008,114.506,35.3406,120.884,58.5994,114,114,224,-0.396592
70,heldout,obj_070.obj,20.8468,27.6316,93.1039,0.70336,1.29651,235.957,222.112,41.6936,186.208,55.2633,114,114,224,-0.463862
71,heldout,obj_071.obj,33.4161,15.4054,67.8893,1.46764,0.650419,121.673,115.374,66.8322,135.779,30.8107,114,114,224,-0.17751
72,heldout,obj_072.obj,18.7497,31.7842,49.2873,1.43986,0.934773,94.5382,89.4305,37.4995,98.5747,63.5683,114,114,224,-0.284703
73,heldout,obj_073.obj,27.6102,35.4355,46.0103,0.584777,0.77623,257.791,242.396,55.2204,92.0206,70.871,114,114,224,-0.405215
74,heldout,obj_074.obj,32.7545,21.7469,66.9835,0.797848,1.14961,212.081,199.031,65.5089,133.967,43.4939,114,114,224,-0.485429
75,heldout,obj_075.obj,35.907,18.7389,69.591,0.926664,1.41071,172.696,162.733,71.814,139.182,37.4778,114,114,224,-0.28835
76,heldout,obj_076.obj,28.744,21.1695,74.5638,1.11189,0.583932,204.344,192.184,57.4881,149.128,42.339,114,114,224,-0.279241
77,heldout,obj_077.obj,35.2528,33.1362,75.749,0.540095,1.49549,386.773,366.82,70.5056,151.498,66.2723,114,114,224,-0.397913
78,heldout,obj_078.obj,37.525,18.5924,133.585,0.552617,0.82671,532.623,501.091,75.0501,267.17,37.1849,114,114,224,-0.620044
79,heldout,obj_079.obj,33.936,15.3925,101.253,1.08538,1.39368,178.277,168.128,67.872,202.505,30.785,114,114,224,-0.24379
80,heldout,obj_080.obj,15.1362,29.3004,46.4112,0.538976,0.321655,136.575,129.656,30.2724,92.8223,58.6007,114,114,224,-0.146478
